{
"skeleton": { "hash": "uQ/ObVpkBGEsXGPUtLnUpXO0Q9I", "spine": "3.6.53", "width": 138, "height": 172.5, "images": "./images/" },
"bones": [
	{ "name": "root" },
	{ "name": "bone", "parent": "root", "x": -2.97, "y": 8.82 },
	{ "name": "glow", "parent": "root", "scaleX": 2.3, "scaleY": 2.3 },
	{ "name": "huo", "parent": "bone", "scaleX": 2.3, "scaleY": 2.3 },
	{ "name": "huo2", "parent": "bone", "scaleX": 2.3, "scaleY": 2.3 },
	{ "name": "huoxing1", "parent": "bone", "length": 95.53, "rotation": -90, "y": -57.62, "scaleX": 0.3, "scaleY": 0.3 },
	{ "name": "huoxing2", "parent": "bone", "length": 95.53, "rotation": -90, "y": -57.62, "scaleX": 0.3, "scaleY": 0.3 },
	{ "name": "huoxing3", "parent": "bone", "length": 95.53, "rotation": -90, "y": -57.62, "scaleX": 0.3, "scaleY": 0.3 },
	{ "name": "huoxing4", "parent": "bone", "length": 95.53, "rotation": -90, "y": -57.62, "scaleX": 0.3, "scaleY": 0.3 }
],
"slots": [
	{ "name": "longhudazhan4_glow_01", "bone": "glow", "attachment": "longhudazhan4_glow_01", "blend": "additive" },
	{ "name": "longhudazhan4_huoxing", "bone": "huoxing1", "attachment": "longhudazhan4_huoxing", "blend": "additive" },
	{ "name": "longhudazhan4_huoxing2", "bone": "huoxing2", "attachment": "longhudazhan4_huoxing", "blend": "additive" },
	{ "name": "longhudazhan4_huoxing3", "bone": "huoxing3", "attachment": "longhudazhan4_huoxing", "blend": "additive" },
	{ "name": "longhudazhan4_huoxing4", "bone": "huoxing4", "attachment": "longhudazhan4_huoxing", "blend": "additive" },
	{ "name": "longhudazhan4_huo_01", "bone": "huo", "attachment": "longhudazhan4_huo_01" },
	{ "name": "longhudazhan4_huo_1", "bone": "huo2", "color": "ffffff7c", "attachment": "longhudazhan4_huo_01", "blend": "screen" }
],
"skins": {
	"default": {
		"longhudazhan4_glow_01": {
			"longhudazhan4_glow_01": { "width": 60, "height": 75 },
			"longhudazhan4_glow_02": { "width": 60, "height": 75 },
			"longhudazhan4_glow_03": { "width": 60, "height": 75 },
			"longhudazhan4_glow_04": { "width": 60, "height": 75 },
			"longhudazhan4_glow_05": { "width": 60, "height": 75 },
			"longhudazhan4_glow_06": { "width": 60, "height": 75 },
			"longhudazhan4_glow_07": { "width": 60, "height": 75 },
			"longhudazhan4_glow_08": { "width": 60, "height": 75 },
			"longhudazhan4_glow_09": { "width": 60, "height": 75 },
			"longhudazhan4_glow_10": { "width": 60, "height": 75 },
			"longhudazhan4_glow_11": { "width": 60, "height": 75 },
			"longhudazhan4_glow_12": { "width": 60, "height": 75 },
			"longhudazhan4_glow_13": { "width": 60, "height": 75 }
		},
		"longhudazhan4_huo_01": {
			"longhudazhan4_huo_01": { "width": 50, "height": 60 },
			"longhudazhan4_huo_02": { "width": 50, "height": 60 },
			"longhudazhan4_huo_03": { "width": 50, "height": 60 },
			"longhudazhan4_huo_04": { "width": 50, "height": 60 },
			"longhudazhan4_huo_05": { "width": 50, "height": 60 },
			"longhudazhan4_huo_06": { "width": 50, "height": 60 },
			"longhudazhan4_huo_07": { "width": 50, "height": 60 },
			"longhudazhan4_huo_08": { "width": 50, "height": 60 },
			"longhudazhan4_huo_09": { "width": 50, "height": 60 },
			"longhudazhan4_huo_10": { "width": 50, "height": 60 }
		},
		"longhudazhan4_huo_1": {
			"longhudazhan4_huo_01": { "width": 50, "height": 60 },
			"longhudazhan4_huo_02": { "width": 50, "height": 60 },
			"longhudazhan4_huo_03": { "width": 50, "height": 60 },
			"longhudazhan4_huo_04": { "width": 50, "height": 60 },
			"longhudazhan4_huo_05": { "width": 50, "height": 60 },
			"longhudazhan4_huo_06": { "width": 50, "height": 60 },
			"longhudazhan4_huo_07": { "width": 50, "height": 60 },
			"longhudazhan4_huo_08": { "width": 50, "height": 60 },
			"longhudazhan4_huo_09": { "width": 50, "height": 60 },
			"longhudazhan4_huo_10": { "width": 50, "height": 60 }
		},
		"longhudazhan4_huoxing": {
			"longhudazhan4_huoxing": { "x": 60.02, "y": 0.35, "rotation": -89.67, "width": 32, "height": 128 }
		},
		"longhudazhan4_huoxing2": {
			"longhudazhan4_huoxing": { "x": 60.02, "y": 0.35, "rotation": -89.67, "width": 32, "height": 128 }
		},
		"longhudazhan4_huoxing3": {
			"longhudazhan4_huoxing": { "x": 60.02, "y": 0.35, "rotation": -89.67, "width": 32, "height": 128 }
		},
		"longhudazhan4_huoxing4": {
			"longhudazhan4_huoxing": { "x": 60.02, "y": 0.35, "rotation": -89.67, "width": 32, "height": 128 }
		}
	}
},
"animations": {
	"animation1": {
		"slots": {
			"longhudazhan4_glow_01": {
				"attachment": [
					{ "time": 0, "name": null }
				]
			},
			"longhudazhan4_huo_01": {
				"attachment": [
					{ "time": 0.1333, "name": "longhudazhan4_huo_02" },
					{ "time": 0.2667, "name": "longhudazhan4_huo_03" },
					{ "time": 0.4, "name": "longhudazhan4_huo_04" },
					{ "time": 0.5333, "name": "longhudazhan4_huo_05" },
					{ "time": 0.6667, "name": "longhudazhan4_huo_06" },
					{ "time": 0.8, "name": "longhudazhan4_huo_07" },
					{ "time": 0.9333, "name": "longhudazhan4_huo_08" },
					{ "time": 1.0667, "name": "longhudazhan4_huo_09" },
					{ "time": 1.2, "name": "longhudazhan4_huo_10" },
					{ "time": 1.3333, "name": "longhudazhan4_huo_10" }
				]
			},
			"longhudazhan4_huo_1": {
				"attachment": [
					{ "time": 0.1333, "name": "longhudazhan4_huo_02" },
					{ "time": 0.2667, "name": "longhudazhan4_huo_03" },
					{ "time": 0.4, "name": "longhudazhan4_huo_04" },
					{ "time": 0.5333, "name": "longhudazhan4_huo_05" },
					{ "time": 0.6667, "name": "longhudazhan4_huo_06" },
					{ "time": 0.8, "name": "longhudazhan4_huo_07" },
					{ "time": 0.9333, "name": "longhudazhan4_huo_08" },
					{ "time": 1.0667, "name": "longhudazhan4_huo_09" },
					{ "time": 1.2, "name": "longhudazhan4_huo_10" },
					{ "time": 1.3333, "name": "longhudazhan4_huo_10" }
				]
			},
			"longhudazhan4_huoxing": {
				"color": [
					{ "time": 0.3333, "color": "ffffffff" },
					{ "time": 0.6667, "color": "ffffff00" }
				]
			},
			"longhudazhan4_huoxing2": {
				"color": [
					{ "time": 0, "color": "ffffff00" },
					{ "time": 0.3333, "color": "ffffffff", "curve": "stepped" },
					{ "time": 0.6667, "color": "ffffffff" },
					{ "time": 1, "color": "ffffff00" }
				]
			},
			"longhudazhan4_huoxing3": {
				"color": [
					{ "time": 0, "color": "ffffff00" },
					{ "time": 0.6667, "color": "ffffffff", "curve": "stepped" },
					{ "time": 1, "color": "ffffffff" },
					{ "time": 1.3333, "color": "ffffff00" }
				]
			},
			"longhudazhan4_huoxing4": {
				"color": [
					{ "time": 0, "color": "ffffff00" },
					{ "time": 0.5, "color": "ffffffff", "curve": "stepped" },
					{ "time": 0.8333, "color": "ffffffff" },
					{ "time": 1.1667, "color": "ffffff00" }
				]
			}
		},
		"bones": {
			"huoxing1": {
				"rotate": [
					{ "time": 0, "angle": 0 },
					{ "time": 0.1667, "angle": -18 },
					{ "time": 0.3333, "angle": 17.2 },
					{ "time": 0.5, "angle": 9.8 },
					{ "time": 0.6667, "angle": -3.6 }
				],
				"translate": [
					{ "time": 0, "x": 0, "y": 0 },
					{ "time": 0.3333, "x": 7.34, "y": 56.87 },
					{ "time": 0.5, "x": -17.78, "y": 85.88 },
					{ "time": 0.6667, "x": -26.26, "y": 121.95 }
				],
				"scale": [
					{ "time": 0, "x": 0, "y": 1 },
					{ "time": 0.3333, "x": 0.5, "y": 0.5 },
					{ "time": 0.6667, "x": 0.333, "y": 0.333 }
				]
			},
			"huoxing2": {
				"rotate": [
					{ "time": 0.3333, "angle": -16.8 },
					{ "time": 0.5, "angle": -34.6 },
					{ "time": 0.6667, "angle": -26 },
					{ "time": 0.8333, "angle": -70.6 },
					{ "time": 1, "angle": -88.8 }
				],
				"translate": [
					{ "time": 0, "x": 12.02, "y": -1.07, "curve": "stepped" },
					{ "time": 0.3333, "x": 12.02, "y": -1.07 },
					{ "time": 0.6667, "x": 27.98, "y": 51.58 },
					{ "time": 1, "x": 60.94, "y": 71.7 }
				],
				"scale": [
					{ "time": 0, "x": 0, "y": 1, "curve": "stepped" },
					{ "time": 0.3333, "x": 0, "y": 1 },
					{ "time": 0.5, "x": 0.25, "y": 0.367 },
					{ "time": 0.6667, "x": 0.5, "y": 0.367 },
					{ "time": 1, "x": 0.167, "y": 0.167 }
				]
			},
			"huoxing3": {
				"rotate": [
					{ "time": 0.6667, "angle": -16.8 },
					{ "time": 0.8333, "angle": 11 },
					{ "time": 1, "angle": 35.2 },
					{ "time": 1.1667, "angle": 24.2 },
					{ "time": 1.3333, "angle": 20.4 }
				],
				"translate": [
					{ "time": 0, "x": -11.3, "y": -0.59, "curve": "stepped" },
					{ "time": 0.6667, "x": -11.3, "y": -0.59 },
					{ "time": 1, "x": -19.99, "y": 27.89 },
					{ "time": 1.3333, "x": -43.39, "y": 62.11 }
				],
				"scale": [
					{ "time": 0, "x": 0, "y": 1 },
					{ "time": 0.6667, "x": 0.067, "y": 0.2 },
					{ "time": 1, "x": 0.4, "y": 0.4 },
					{ "time": 1.3333, "x": 0.167, "y": 0.167 }
				]
			},
			"huoxing4": {
				"rotate": [
					{ "time": 0.5, "angle": -16.8 },
					{ "time": 0.6667, "angle": -45.4 },
					{ "time": 0.8333, "angle": -26 },
					{ "time": 1, "angle": -50.2 },
					{ "time": 1.1667, "angle": -14.4 }
				],
				"translate": [
					{ "time": 0, "x": 12.02, "y": -1.07, "curve": "stepped" },
					{ "time": 0.5, "x": 12.02, "y": -1.07 },
					{ "time": 0.8333, "x": 34.93, "y": 31.04 },
					{ "time": 1, "x": 47.16, "y": 37.83 },
					{ "time": 1.1667, "x": 54.88, "y": 55.56 }
				],
				"scale": [
					{ "time": 0, "x": 0, "y": 1, "curve": "stepped" },
					{ "time": 0.5, "x": 0, "y": 1 },
					{ "time": 0.8333, "x": 0.4, "y": 0.4 },
					{ "time": 1.1667, "x": 0.167, "y": 0.167 }
				]
			}
		}
	},
	"animation2": {
		"slots": {
			"longhudazhan4_glow_01": {
				"attachment": [
					{ "time": 0.1333, "name": "longhudazhan4_glow_02" },
					{ "time": 0.2667, "name": "longhudazhan4_glow_03" },
					{ "time": 0.4, "name": "longhudazhan4_glow_04" },
					{ "time": 0.5333, "name": "longhudazhan4_glow_05" },
					{ "time": 0.6667, "name": "longhudazhan4_glow_06" },
					{ "time": 0.8, "name": "longhudazhan4_glow_07" },
					{ "time": 0.9333, "name": "longhudazhan4_glow_08" },
					{ "time": 1.0667, "name": "longhudazhan4_glow_09" },
					{ "time": 1.2, "name": "longhudazhan4_glow_10" },
					{ "time": 1.3333, "name": "longhudazhan4_glow_11" },
					{ "time": 1.4667, "name": "longhudazhan4_glow_12" },
					{ "time": 1.6, "name": "longhudazhan4_glow_13" }
				]
			},
			"longhudazhan4_huo_1": {
				"attachment": [
					{ "time": 0, "name": null }
				]
			},
			"longhudazhan4_huo_01": {
				"attachment": [
					{ "time": 0, "name": null }
				]
			},
			"longhudazhan4_huoxing": {
				"attachment": [
					{ "time": 0, "name": null }
				]
			},
			"longhudazhan4_huoxing2": {
				"attachment": [
					{ "time": 0, "name": null }
				]
			},
			"longhudazhan4_huoxing3": {
				"attachment": [
					{ "time": 0, "name": null }
				]
			},
			"longhudazhan4_huoxing4": {
				"attachment": [
					{ "time": 0, "name": null }
				]
			}
		}
	}
}
}