{"skeleton":{"hash":"l1m49ZNrIHX6D3mtEY1aVxtiyxU","spine":"3.6.53","width":1674.62,"height":501.45,"images":"./images/"},"bones":[{"name":"root"},{"name":"bone","parent":"root"},{"name":"bone2","parent":"bone","length":41.52,"rotation":-90,"x":787.46,"y":80.74},{"name":"denglong","parent":"bone","length":46.81,"rotation":-88.39,"x":725.17,"y":84.9},{"name":"denglong2","parent":"bone","length":40.25,"rotation":-88.88,"x":-756.79,"y":1.9},{"name":"denglong3","parent":"bone","length":40.25,"rotation":-88.88,"x":-703.52,"y":-6.01},{"name":"denglong4","parent":"bone","length":40.25,"rotation":-88.88,"x":-649.11,"y":-13.87},{"name":"feng1","parent":"bone","x":-511.54,"y":183.6,"scaleX":2,"scaleY":2},{"name":"feng2","parent":"bone","rotation":14.4,"x":535.18,"y":225.88,"scaleX":-2,"scaleY":1.58},{"name":"niao2","parent":"bone","rotation":19.29,"x":-641.33,"y":247.26},{"name":"niao3","parent":"bone","x":-575.2,"y":214.83},{"name":"niao4","parent":"niao3","length":15.89,"rotation":19.29,"x":5.9,"y":3.81},{"name":"niao5","parent":"niao4","length":19.56,"rotation":-7.12,"x":15.89},{"name":"niao6","parent":"niao3","length":19.03,"rotation":150.09,"x":-1.92,"y":4.62},{"name":"niao7","parent":"niao6","length":23.84,"rotation":8.21,"x":19.03},{"name":"ren","parent":"bone","length":39.74,"rotation":98.31,"x":717.51,"y":214.28},{"name":"ren2","parent":"ren","length":10.26,"rotation":-80.38,"x":33.95,"y":-5.83},{"name":"ren3","parent":"ren2","length":7.96,"rotation":-0.14,"x":9.59,"y":0.15},{"name":"ren4","parent":"ren3","length":5.44,"rotation":-16.28,"x":7.96},{"name":"ren5","parent":"ren4","length":4.86,"rotation":-67.2,"x":5.44},{"name":"shanguang","parent":"bone","length":148.02,"rotation":18.05,"x":652.47,"y":212.9},{"name":"yanwu","parent":"bone","x":-673.77,"y":134.82}],"slots":[{"name":"longhudazhan4_denglong1","bone":"denglong","attachment":"longhudazhan4_denglong1"},{"name":"longhudazhan4_denglong2","bone":"bone2","attachment":"longhudazhan4_denglong1"},{"name":"longhudazhan4_denglong3","bone":"denglong2","attachment":"longhudazhan4_denglong2"},{"name":"longhudazhan4_denglong4","bone":"denglong3","attachment":"longhudazhan4_denglong2"},{"name":"longhudazhan4_denglong5","bone":"denglong4","attachment":"longhudazhan4_denglong2"},{"name":"longhudazhan4_ren","bone":"ren","attachment":"longhudazhan4_ren"},{"name":"longhudazhan4_weijin","bone":"ren2","attachment":"longhudazhan4_weijin"},{"name":"longhudazhan4_feng_01","bone":"feng1","attachment":"longhudazhan4_feng_01","blend":"additive"},{"name":"longhudazhan4_feng_1","bone":"feng2","color":"b4e4ff94","attachment":"longhudazhan4_feng_01","blend":"additive"},{"name":"longhudazhan4_niao2","bone":"niao2","attachment":"longhudazhan4_niao2"},{"name":"longhudazhan4_niao3","bone":"niao3","attachment":"longhudazhan4_niao3"},{"name":"longhudazhan4_shanguang","bone":"shanguang","attachment":"longhudazhan4_shanguang","blend":"additive"},{"name":"longhudazhan4_Smoke_01","bone":"yanwu","color":"3a3c3f8f","attachment":"longhudazhan4_Smoke_01"},{"name":"longhudazhan4_denglong1_glow","bone":"denglong","color":"ffffffb3","attachment":"longhudazhan4_denglong1_glow","blend":"additive"},{"name":"longhudazhan4_denglong1_glow2","bone":"bone2","color":"ffffffad","attachment":"longhudazhan4_denglong1_glow","blend":"additive"},{"name":"longhudazhan4_denglong1_glow3","bone":"denglong2","color":"ffffffb9","attachment":"longhudazhan4_denglong1_glow","blend":"additive"},{"name":"longhudazhan4_denglong1_glow4","bone":"denglong3","color":"ffffffc0","attachment":"longhudazhan4_denglong1_glow","blend":"additive"},{"name":"longhudazhan4_denglong1_glow5","bone":"denglong4","color":"ffffffad","attachment":"longhudazhan4_denglong1_glow","blend":"additive"}],"skins":{"default":{"longhudazhan4_Smoke_01":{"longhudazhan4_Smoke_01":{"width":70,"height":60},"longhudazhan4_Smoke_02":{"width":70,"height":60},"longhudazhan4_Smoke_03":{"width":70,"height":60},"longhudazhan4_Smoke_04":{"width":70,"height":60},"longhudazhan4_Smoke_05":{"width":70,"height":60},"longhudazhan4_Smoke_06":{"width":70,"height":60},"longhudazhan4_Smoke_07":{"width":70,"height":60},"longhudazhan4_Smoke_08":{"width":70,"height":60}},"longhudazhan4_denglong1":{"longhudazhan4_denglong1":{"x":33.22,"y":-0.23,"rotation":88.39,"width":21,"height":45}},"longhudazhan4_denglong1_glow":{"longhudazhan4_denglong1_glow":{"x":26.43,"y":1.26,"rotation":88.39,"width":34,"height":45}},"longhudazhan4_denglong1_glow2":{"longhudazhan4_denglong1_glow":{"x":20.36,"y":0.68,"rotation":90,"width":34,"height":45}},"longhudazhan4_denglong1_glow3":{"longhudazhan4_denglong1_glow":{"x":26.87,"y":0.53,"scaleX":0.86,"scaleY":0.66,"rotation":88.88,"width":34,"height":45}},"longhudazhan4_denglong1_glow4":{"longhudazhan4_denglong1_glow":{"x":26.87,"y":0.53,"scaleX":0.86,"scaleY":0.66,"rotation":88.88,"width":34,"height":45}},"longhudazhan4_denglong1_glow5":{"longhudazhan4_denglong1_glow":{"x":26.87,"y":0.53,"scaleX":0.86,"scaleY":0.66,"rotation":88.88,"width":34,"height":45}},"longhudazhan4_denglong2":{"longhudazhan4_denglong1":{"x":26.05,"y":-0.62,"rotation":90,"width":21,"height":45}},"longhudazhan4_denglong3":{"longhudazhan4_denglong2":{"x":26.9,"y":0.02,"rotation":88.88,"width":18,"height":20}},"longhudazhan4_denglong4":{"longhudazhan4_denglong2":{"x":26.9,"y":0.02,"rotation":88.88,"width":18,"height":20}},"longhudazhan4_denglong5":{"longhudazhan4_denglong2":{"x":26.9,"y":0.02,"rotation":88.88,"width":18,"height":20}},"longhudazhan4_feng_01":{"longhudazhan4_feng_01":{"width":300,"height":190},"longhudazhan4_feng_02":{"width":300,"height":190},"longhudazhan4_feng_03":{"width":300,"height":190},"longhudazhan4_feng_04":{"width":300,"height":190},"longhudazhan4_feng_05":{"width":300,"height":190},"longhudazhan4_feng_06":{"width":300,"height":190},"longhudazhan4_feng_07":{"width":300,"height":190},"longhudazhan4_feng_08":{"width":300,"height":190},"longhudazhan4_feng_09":{"width":300,"height":190},"longhudazhan4_feng_10":{"width":300,"height":190}},"longhudazhan4_feng_1":{"longhudazhan4_feng_01":{"width":300,"height":190},"longhudazhan4_feng_02":{"width":300,"height":190},"longhudazhan4_feng_03":{"width":300,"height":190},"longhudazhan4_feng_04":{"width":300,"height":190},"longhudazhan4_feng_05":{"width":300,"height":190},"longhudazhan4_feng_06":{"width":300,"height":190},"longhudazhan4_feng_07":{"width":300,"height":190},"longhudazhan4_feng_08":{"width":300,"height":190},"longhudazhan4_feng_09":{"width":300,"height":190},"longhudazhan4_feng_10":{"width":300,"height":190}},"longhudazhan4_niao2":{"longhudazhan4_niao2":{"x":-1.23,"y":4.43,"rotation":-19.29,"width":65,"height":29}},"longhudazhan4_niao3":{"longhudazhan4_niao3":{"type":"mesh","uvs":[0.60058,0.95374,0.62761,0.90599,0.63099,0.7502,0.57805,0.71753,0.58819,0.66728,0.67154,0.55169,0.73124,0.55671,0.78081,0.50143,0.836,0.46625,0.88894,0.43107,0.95315,0.37328,0.99258,0.32302,1,0.28282,0.96104,0.28282,0.90133,0.28533,0.83825,0.29538,0.7763,0.29036,0.72223,0.3582,0.66704,0.37328,0.62761,0.43359,0.56228,0.36574,0.50315,0.37723,0.44288,0.34564,0.42035,0.23759,0.35389,0.19236,0.2818,0.12954,0.18154,0.07928,0.10044,0.02902,0.0385,0.01353,0,0.0039,0.01371,0.0642,0.07566,0.14964,0.0903,0.2401,0.1883,0.34564,0.2863,0.42102,0.35276,0.49389,0.44738,0.58435,0.444,0.62707,0.39444,0.60446,0.35164,0.6723,0.35952,0.81302,0.42854,0.89763,0.48455,0.9663,0.52166,0.6281,0.50753,0.66994,0.97685,0.30298,0.92877,0.33189,0.8665,0.371,0.81007,0.38984,0.74897,0.42358,0.69502,0.45321,0.64695,0.48557,0.53704,0.52875,0.4748,0.49955,0.40034,0.41563,0.31928,0.30946,0.23386,0.24034,0.14319,0.14688,0.08846,0.08736,0.02556,0.03999],"triangles":[59,29,28,30,29,59,27,59,28,58,27,26,58,59,27,30,59,58,57,58,26,31,30,58,31,58,57,32,31,57,25,57,26,56,25,24,56,57,25,32,57,56,33,32,56,33,56,55,43,36,52,55,56,24,55,24,23,55,23,22,54,55,22,34,33,55,34,55,54,35,34,54,21,54,22,53,54,21,35,54,53,20,52,21,53,21,52,36,35,53,36,53,52,45,13,12,11,45,12,46,14,13,46,13,45,47,15,14,47,14,46,11,10,46,11,46,45,47,46,10,48,16,15,48,15,47,17,16,48,9,47,10,9,8,48,9,48,47,49,48,8,7,49,8,49,17,48,49,50,18,49,18,17,19,18,50,51,19,50,50,49,7,20,19,52,52,19,51,5,51,50,6,5,50,52,51,5,7,6,50,5,4,52,4,43,52,37,36,43,44,37,43,44,43,4,3,44,4,40,37,44,37,39,38,37,40,39,41,40,44,41,44,3,1,3,2,42,41,3,3,1,42,0,42,1],"vertices":[2,10,7.35,-11.68,0.99902,11,-3.75,-15.11,9.8E-4,2,10,9.7,-9.82,0.99368,11,-0.92,-14.12,0.00632,2,10,9.99,-3.75,0.95801,11,1.37,-8.49,0.04199,2,10,5.39,-2.47,0.79953,11,-2.56,-5.76,0.20047,2,10,6.27,-0.51,0.42049,11,-1.08,-4.2,0.57951,1,11,7.26,-2.34,1,2,11,12.09,-4.25,0.98972,12,-3.24,-4.68,0.01028,2,11,16.87,-3.64,0.30177,12,1.43,-3.49,0.69823,1,12,6.41,-3.16,1,1,12,11.2,-2.79,1,1,12,17.14,-1.76,1,1,12,20.9,-0.57,1,1,12,21.86,0.83,1,1,12,18.55,1.54,1,1,12,13.45,2.54,1,1,12,8.01,3.32,1,2,11,19.22,4.26,0.04125,12,2.78,4.64,0.95875,2,11,13.91,3.32,0.86559,12,-2.38,3.05,0.13441,1,11,9.18,4.35,1,2,11,5.17,3.27,0.96633,13,-8.09,-9.25,0.03367,2,11,0.68,7.64,0.5809,13,-1.84,-8.71,0.4191,2,11,-4.32,8.92,0.17281,13,2.4,-5.75,0.82719,2,11,-8.87,11.81,0.00304,13,7.56,-4.2,0.99696,2,13,11.36,-6.88,0.99997,14,-8.58,-5.71,3.0E-5,2,13,17.25,-5.53,0.77112,14,-2.56,-5.21,0.22888,2,13,23.91,-4.52,0.02443,14,4.18,-5.17,0.97557,1,14,13.01,-3.77,1,1,14,20.29,-2.98,1,1,14,25.52,-1.55,1,1,14,28.77,-0.66,1,1,14,26.79,1.09,1,1,14,20.55,2.19,1,1,14,18.06,5,1,1,14,8.62,5.67,1,2,13,17.9,5.14,0.618,14,-0.39,5.25,0.382,1,13,11.47,4.72,1,2,10,-5.98,2.72,0.25026,13,2.57,3.67,0.74974,2,10,-6.27,1.06,0.85072,13,2,5.26,0.14928,1,10,-10.59,1.94,1,1,10,-14.31,-0.71,1,2,10,-13.62,-6.2,0.96954,13,4.75,15.21,0.03046,2,10,-7.62,-9.5,0.99588,13,-2.1,15.08,0.00412,1,10,-2.75,-12.17,1,3,10,0.48,1.02,0.84209,11,-6.04,-0.85,0.06499,13,-3.88,1.93,0.09292,2,10,-0.75,-0.62,0.98934,13,-3.63,3.95,0.01066,1,12,19.73,0.48,1,1,12,15.4,0.26,1,1,12,9.79,-0.09,1,1,12,4.83,0.23,1,2,11,15.26,0.15,0.82995,12,-0.64,0.07,0.17005,1,11,10.45,0.61,1,2,11,6.09,0.8,0.99797,13,-10.55,-8.33,0.00203,3,10,1.82,4.89,0.11754,11,-3.49,2.37,0.40716,13,-3.11,-2.1,0.4753,2,11,-8.23,5.23,0.00496,13,2.16,-0.39,0.99504,1,13,9.4,0.01,1,1,13,17.58,-0.06,1,1,14,6.45,0.39,1,1,14,15.13,-0.08,1,1,14,20.41,-0.48,1,1,14,26.18,-0.17,1],"hull":43,"edges":[0,2,2,4,6,8,14,16,16,18,18,20,20,22,22,24,24,26,26,28,28,30,30,32,32,34,34,36,36,38,44,46,46,48,48,50,50,52,52,54,58,60,60,62,62,64,64,66,66,68,68,70,70,72,72,74,74,76,76,78,78,80,54,56,56,58,38,40,40,42,12,14,10,12,4,6,84,0,8,86,86,72,6,88,88,74,86,88,80,82,82,84,88,82,84,6,74,80,22,90,90,26,24,90,20,92,92,28,90,92,18,94,94,30,92,94,16,96,96,32,94,96,14,98,98,34,96,98,12,100,100,36,98,100,10,102,102,38,100,102,40,104,104,86,102,104,42,106,106,72,104,106,44,108,108,70,106,108,48,110,110,68,108,110,50,112,112,66,110,112,52,114,114,64,112,114,54,116,116,62,114,116,56,118,118,60,116,118,118,58,42,44,8,10],"width":87,"height":39}},"longhudazhan4_ren":{"longhudazhan4_ren":{"x":7.23,"y":-8.64,"rotation":-98.31,"width":45,"height":70}},"longhudazhan4_shanguang":{"longhudazhan4_shanguang":{"x":61.2,"y":1.26,"rotation":-0.12,"width":256,"height":104}},"longhudazhan4_weijin":{"longhudazhan4_weijin":{"type":"mesh","uvs":[0,0.82542,0.05869,0.74689,0.08744,0.70842,0.16544,0.56356,0.27391,0.44656,0.40553,0.34907,0.48841,0.23764,0.62613,0.14571,0.72972,0.012,0.83819,0,0.90278,0.15685,0.96372,0.25992,1,0.35742,0.98322,0.71956,0.9174,0.92292,0.86378,0.99256,0.75409,0.97027,0.70047,0.78085,0.68412,0.72212,0.65781,0.62763,0.60315,0.64342,0.54203,0.66106,0.39213,0.82542,0.29739,0.8976,0.20932,0.9647,0.07103,0.9739,0,0.97863,0.84881,0.94281,0.84499,0.74952,0.82137,0.56366,0.82068,0.49637,0.78202,0.38893,0.74805,0.31364,0.6387,0.33688,0.53787,0.41255,0.46207,0.47828,0.32145,0.59892,0.23047,0.72818,0.14181,0.82275,0.06412,0.84679],"triangles":[16,27,15,15,27,14,16,17,27,17,28,27,27,28,14,14,28,13,17,18,28,13,28,29,28,18,29,29,18,30,13,29,12,18,19,30,19,31,30,29,30,12,12,30,11,30,31,11,11,31,10,32,31,19,32,19,33,34,33,19,6,7,33,33,7,32,9,10,32,31,32,10,9,32,8,7,8,32,20,21,35,21,36,35,19,20,34,20,35,34,4,5,35,35,5,34,5,6,34,34,6,33,26,39,25,26,0,39,25,38,24,25,39,38,24,38,23,38,37,23,23,37,22,38,39,1,37,36,22,22,36,21,39,0,1,1,2,38,38,2,37,2,3,37,37,3,36,3,4,36,36,4,35],"vertices":[1,16,-3.51,0.07,1,1,16,-1.39,0.53,1,1,16,-0.35,0.76,1,1,16,2.65,1.92,1,2,16,6.46,2.41,0.88948,17,-3.14,2.25,0.11052,2,16,10.89,2.42,4.8E-4,17,1.29,2.27,0.99952,1,17,4.29,2.94,1,2,17,8.88,2.82,0.34031,18,0.09,2.97,0.65969,3,17,12.61,3.59,2.5E-4,18,3.46,4.75,0.96854,19,-5.15,0.02,0.03121,2,18,6.93,4.83,0.69186,19,-3.87,3.25,0.30814,2,18,8.94,2.58,0.23749,19,-1.02,4.23,0.76251,2,18,10.85,1.08,0.0195,19,1.1,5.41,0.9805,1,19,2.82,5.91,1,1,19,7.22,3.33,1,1,19,8.95,0.24,1,2,18,7.38,-9.08,0.00638,19,9.13,-1.73,0.99362,3,17,9.25,-9.42,5.4E-4,18,3.88,-8.68,0.06874,19,7.4,-4.8,0.93072,3,17,8.43,-6.37,0.03773,18,2.24,-5.98,0.24751,19,4.28,-5.27,0.71477,3,17,8.18,-5.43,0.0839,18,1.74,-5.15,0.34325,19,3.31,-5.41,0.57285,4,16,17.37,-3.78,0.00146,17,7.78,-3.91,0.30706,18,0.93,-3.8,0.43911,19,1.76,-5.63,0.25237,4,16,15.63,-3.45,0.02896,17,6.05,-3.59,0.73541,18,-0.83,-3.98,0.18575,19,1.24,-7.31,0.04988,4,16,13.7,-3.08,0.19086,17,4.11,-3.23,0.78495,18,-2.79,-4.17,0.02033,19,0.66,-9.2,0.00387,1,16,8.43,-3.8,1,1,16,5.23,-3.82,1,1,16,2.26,-3.85,1,1,16,-1.99,-2.61,1,1,16,-4.17,-1.97,1,2,18,6.92,-8.38,0.0104,19,8.3,-1.88,0.9896,2,18,6.87,-5.67,0.01278,19,5.78,-0.87,0.98722,3,17,13.04,-4.66,1.6E-4,18,6.18,-3.05,0.02234,19,3.1,-0.49,0.9775,3,17,13.31,-3.75,1.0E-5,18,6.19,-2.1,0.00695,19,2.23,-0.12,0.99304,2,18,4.99,-0.57,0.57691,19,0.35,-0.63,0.42309,1,18,3.93,0.51,1,2,17,8.45,0.15,0.03357,18,0.42,0.28,0.96643,1,17,5.05,0.13,1,2,16,12.05,0.14,0.0015,17,2.46,-0.01,0.9985,1,16,7.25,-0.08,1,1,16,3.92,-0.91,1,1,16,0.82,-1.3,1,1,16,-1.65,-0.85,1],"hull":27,"edges":[4,6,6,8,8,10,10,12,12,14,14,16,16,18,18,20,20,22,22,24,24,26,26,28,28,30,30,32,32,34,42,44,0,52,44,46,46,48,0,2,2,4,48,50,50,52,38,40,40,42,34,36,36,38,28,54,54,32,30,54,26,56,56,34,54,56,24,58,58,36,56,58,22,60,60,36,58,60,20,62,62,38,60,62,18,64,64,38,62,64,14,66,66,38,64,66,12,68,68,40,66,68,10,70,70,42,68,70,8,72,72,44,70,72,6,74,74,46,72,74,4,76,76,48,74,76,2,78,78,50,76,78,78,52],"width":32,"height":14}}}},"animations":{"animation1":{"slots":{"longhudazhan4_Smoke_01":{"color":[{"time":3.8333,"color":"3a3c3f8f"},{"time":4.0333,"color":"3a3c3f00"}],"attachment":[{"time":0,"name":null},{"time":3.4667,"name":null},{"time":3.5,"name":"longhudazhan4_Smoke_01"},{"time":3.5667,"name":"longhudazhan4_Smoke_02"},{"time":3.6333,"name":"longhudazhan4_Smoke_03"},{"time":3.7,"name":"longhudazhan4_Smoke_04"},{"time":3.7667,"name":"longhudazhan4_Smoke_05"},{"time":3.8333,"name":"longhudazhan4_Smoke_06"},{"time":3.9,"name":"longhudazhan4_Smoke_07"},{"time":3.9667,"name":"longhudazhan4_Smoke_08"},{"time":4.0333,"name":"longhudazhan4_Smoke_08"}]},"longhudazhan4_denglong1":{"attachment":[{"time":0,"name":null}]},"longhudazhan4_denglong2":{"attachment":[{"time":0,"name":null}]},"longhudazhan4_denglong3":{"attachment":[{"time":0,"name":null}]},"longhudazhan4_denglong4":{"attachment":[{"time":0,"name":null}]},"longhudazhan4_denglong5":{"attachment":[{"time":0,"name":null}]},"longhudazhan4_denglong1_glow":{"color":[{"time":0,"color":"ffffffff"},{"time":1.2333,"color":"ffffff62"},{"time":2.5,"color":"ffffffff"},{"time":3.8333,"color":"ffffff62"},{"time":5,"color":"ffffffff"}],"attachment":[{"time":0,"name":null}]},"longhudazhan4_denglong1_glow2":{"color":[{"time":0,"color":"ffffffff"},{"time":1.2667,"color":"ffffff80"},{"time":2.5,"color":"ffffffff"},{"time":3.8333,"color":"ffffff80"},{"time":5,"color":"ffffffff"}],"attachment":[{"time":0,"name":null}]},"longhudazhan4_denglong1_glow3":{"color":[{"time":0,"color":"ffffffff"},{"time":1.3333,"color":"ffffff72"},{"time":2.5,"color":"ffffffff"},{"time":3.8333,"color":"ffffff72"},{"time":5,"color":"ffffffff"}],"attachment":[{"time":0,"name":null}]},"longhudazhan4_denglong1_glow4":{"color":[{"time":0,"color":"ffffffff"},{"time":1.3333,"color":"ffffff72"},{"time":2.5,"color":"ffffffff"},{"time":3.8333,"color":"ffffff72"},{"time":5,"color":"ffffffff"}],"attachment":[{"time":0,"name":null}]},"longhudazhan4_denglong1_glow5":{"color":[{"time":0,"color":"ffffffff"},{"time":1.3333,"color":"ffffff72"},{"time":2.5,"color":"ffffffff"},{"time":3.8333,"color":"ffffff72"},{"time":5,"color":"ffffffff"}],"attachment":[{"time":0,"name":null}]},"longhudazhan4_feng_1":{"attachment":[{"time":0,"name":null}]},"longhudazhan4_feng_01":{"attachment":[{"time":0,"name":null}]},"longhudazhan4_niao2":{"attachment":[{"time":0,"name":null}]},"longhudazhan4_niao3":{"attachment":[{"time":0,"name":null}]},"longhudazhan4_ren":{"color":[{"time":0,"color":"ffffff00"},{"time":0.5,"color":"ffffffff","curve":"stepped"},{"time":2,"color":"ffffffff"},{"time":2.1,"color":"ffffff00"},{"time":3.3333,"color":"ffffffff","curve":"stepped"},{"time":4.6667,"color":"ffffffff"},{"time":5,"color":"ffffff00"}],"attachment":[{"time":2.1,"name":null},{"time":3.3333,"name":"longhudazhan4_ren"}]},"longhudazhan4_shanguang":{"color":[{"time":2,"color":"ffffffff"},{"time":2.2667,"color":"ffffff00"}],"attachment":[{"time":0,"name":null},{"time":1.9667,"name":null},{"time":2,"name":"longhudazhan4_shanguang"}]},"longhudazhan4_weijin":{"color":[{"time":0,"color":"ffffff00"},{"time":0.5,"color":"ffffffff","curve":"stepped"},{"time":2,"color":"ffffffff"},{"time":2.1,"color":"ffffff00"},{"time":3.3333,"color":"ffffffff","curve":"stepped"},{"time":4.6667,"color":"ffffffff"},{"time":5,"color":"ffffff00"}],"attachment":[{"time":2.1,"name":null},{"time":3.3333,"name":"longhudazhan4_weijin"}]}},"bones":{"ren":{"rotate":[{"time":0,"angle":0,"curve":"stepped"},{"time":3.3,"angle":0},{"time":3.3333,"angle":-12}],"translate":[{"time":0,"x":112.13,"y":16.37},{"time":0.2333,"x":51.11,"y":68.32},{"time":0.5,"x":0,"y":0,"curve":"stepped"},{"time":2,"x":0,"y":0},{"time":2.1,"x":-10.31,"y":-1.51},{"time":3.3333,"x":-1352.88,"y":15.81},{"time":3.5,"x":-1399.72,"y":-78.54,"curve":"stepped"},{"time":4.6667,"x":-1399.72,"y":-78.54},{"time":4.8333,"x":-1466.27,"y":-30.2},{"time":5,"x":-1577.27,"y":-50.63}],"scale":[{"time":0,"x":0.3,"y":0.3},{"time":0.5,"x":1,"y":1},{"time":3.3333,"x":0.6,"y":0.6},{"time":3.5,"x":1,"y":1}]},"ren2":{"rotate":[{"time":0.5,"angle":0},{"time":1.1667,"angle":-12},{"time":2,"angle":0,"curve":"stepped"},{"time":3.3333,"angle":0},{"time":3.6,"angle":6},{"time":3.8333,"angle":-57.6,"curve":"stepped"},{"time":4.4333,"angle":-57.6},{"time":4.6333,"angle":0}]},"ren3":{"rotate":[{"time":0.5,"angle":0},{"time":1.1667,"angle":-12},{"time":2,"angle":0,"curve":"stepped"},{"time":3.3333,"angle":0},{"time":3.6,"angle":-19.2},{"time":3.8333,"angle":0},{"time":4.2667,"angle":15.6},{"time":4.6667,"angle":0}]},"ren4":{"rotate":[{"time":0.5,"angle":0},{"time":1.1667,"angle":-3.6},{"time":2,"angle":0}]},"ren5":{"rotate":[{"time":0.5,"angle":0},{"time":1.1667,"angle":14.4},{"time":2,"angle":0,"curve":"stepped"},{"time":3.8333,"angle":0},{"time":4,"angle":70.8},{"time":4.1667,"angle":31.2},{"time":4.4,"angle":65.4},{"time":4.6667,"angle":70.8},{"time":4.7,"angle":0}]},"shanguang":{"translate":[{"time":2,"x":48.78,"y":15.89},{"time":2.2667,"x":-28.99,"y":-9.44}],"scale":[{"time":2,"x":0.3,"y":0.26},{"time":2.2667,"x":0.98,"y":0.58}]},"denglong":{"rotate":[{"time":0,"angle":0},{"time":1.2333,"angle":4.8},{"time":2.5,"angle":0},{"time":3.8333,"angle":-4.8},{"time":5,"angle":0}]},"bone2":{"rotate":[{"time":0,"angle":0},{"time":1.2667,"angle":7.2},{"time":2.5,"angle":0},{"time":3.8333,"angle":-3.6},{"time":5,"angle":0}]},"denglong2":{"rotate":[{"time":0,"angle":0},{"time":0.6667,"angle":3.6},{"time":1.3333,"angle":0},{"time":2,"angle":-4.8},{"time":2.5,"angle":0},{"time":3.5,"angle":3.6},{"time":4.1667,"angle":-4.8},{"time":5,"angle":0}]},"niao3":{"translate":[{"time":0,"x":0,"y":0},{"time":2.5,"x":0,"y":5.3},{"time":5,"x":0,"y":0}],"scale":[{"time":0,"x":1,"y":1},{"time":1.2667,"x":1.04,"y":1.04},{"time":2.5,"x":1,"y":1},{"time":3.8333,"x":1.04,"y":1.04},{"time":5,"x":1,"y":1}]},"niao6":{"rotate":[{"time":0,"angle":-14.4},{"time":1.2667,"angle":24},{"time":2.5,"angle":0},{"time":3.8333,"angle":16.8},{"time":5,"angle":-14.4}]},"niao4":{"rotate":[{"time":0,"angle":9.6},{"time":1.2667,"angle":-25.2},{"time":2.5,"angle":0},{"time":3.8333,"angle":-18},{"time":5,"angle":9.6}]},"niao7":{"rotate":[{"time":0,"angle":0},{"time":1.2,"angle":15.6},{"time":2.5,"angle":0},{"time":3.8333,"angle":15.6},{"time":5,"angle":0}]},"niao5":{"rotate":[{"time":0,"angle":0},{"time":1.1667,"angle":-10.8},{"time":2.5,"angle":0},{"time":3.8333,"angle":-10.8},{"time":5,"angle":0}]},"niao2":{"scale":[{"time":0,"x":1,"y":1},{"time":1.2,"x":1.06,"y":1.06},{"time":2.5,"x":1,"y":1},{"time":3.8333,"x":1.06,"y":1.06},{"time":5,"x":1,"y":1}]},"denglong3":{"rotate":[{"time":0,"angle":0},{"time":0.6667,"angle":3.6},{"time":1.3333,"angle":0},{"time":2,"angle":-4.8},{"time":2.5,"angle":0},{"time":3.5,"angle":3.6},{"time":4.1667,"angle":-4.8},{"time":5,"angle":0}]},"denglong4":{"rotate":[{"time":0,"angle":0},{"time":0.6667,"angle":3.6},{"time":1.3333,"angle":0},{"time":2,"angle":-4.8},{"time":2.5,"angle":0},{"time":3.5,"angle":3.6},{"time":4.1667,"angle":-4.8},{"time":5,"angle":0}]}}},"animation2":{"slots":{"longhudazhan4_Smoke_01":{"attachment":[{"time":0,"name":null}]},"longhudazhan4_denglong1_glow":{"color":[{"time":0,"color":"ffffff72"},{"time":0.9333,"color":"ffffffbf"},{"time":1.8,"color":"ffffff72"}]},"longhudazhan4_denglong1_glow2":{"color":[{"time":0,"color":"ffffff72"},{"time":0.9333,"color":"ffffffbf"},{"time":1.8,"color":"ffffff72"}]},"longhudazhan4_denglong1_glow3":{"color":[{"time":0,"color":"ffffff72"},{"time":0.9333,"color":"ffffffbf"},{"time":1.8,"color":"ffffff72"}]},"longhudazhan4_denglong1_glow4":{"color":[{"time":0,"color":"ffffff72"},{"time":0.9333,"color":"ffffffbf"},{"time":1.8,"color":"ffffff72"}]},"longhudazhan4_denglong1_glow5":{"color":[{"time":0,"color":"ffffff72"},{"time":0.9333,"color":"ffffffbf"},{"time":1.8,"color":"ffffff72"}]},"longhudazhan4_feng_01":{"attachment":[{"time":0,"name":"longhudazhan4_feng_01"},{"time":0.2,"name":"longhudazhan4_feng_02"},{"time":0.4,"name":"longhudazhan4_feng_03"},{"time":0.6,"name":"longhudazhan4_feng_04"},{"time":0.8,"name":"longhudazhan4_feng_05"},{"time":1,"name":"longhudazhan4_feng_06"},{"time":1.2,"name":"longhudazhan4_feng_07"},{"time":1.4,"name":"longhudazhan4_feng_08"},{"time":1.6,"name":"longhudazhan4_feng_09"},{"time":1.8,"name":"longhudazhan4_feng_10"}]},"longhudazhan4_feng_1":{"attachment":[{"time":0,"name":"longhudazhan4_feng_01"},{"time":0.2,"name":"longhudazhan4_feng_02"},{"time":0.4,"name":"longhudazhan4_feng_03"},{"time":0.6,"name":"longhudazhan4_feng_04"},{"time":0.8,"name":"longhudazhan4_feng_05"},{"time":1,"name":"longhudazhan4_feng_06"},{"time":1.2,"name":"longhudazhan4_feng_07"},{"time":1.4,"name":"longhudazhan4_feng_08"},{"time":1.6,"name":"longhudazhan4_feng_09"},{"time":1.8,"name":"longhudazhan4_feng_10"}]},"longhudazhan4_ren":{"color":[{"time":0,"color":"ffffff00"},{"time":0.5,"color":"ffffffff"}],"attachment":[{"time":0,"name":null}]},"longhudazhan4_shanguang":{"attachment":[{"time":0,"name":null}]},"longhudazhan4_weijin":{"color":[{"time":0,"color":"ffffff00"},{"time":0.5,"color":"ffffffff"}],"attachment":[{"time":0,"name":null}]}},"bones":{"ren":{"rotate":[{"time":0,"angle":0}],"translate":[{"time":0,"x":112.13,"y":16.37},{"time":0.2333,"x":51.11,"y":68.32},{"time":0.5,"x":0,"y":0}],"scale":[{"time":0,"x":0.3,"y":0.3},{"time":0.5,"x":1,"y":1}]},"ren2":{"rotate":[{"time":0.5,"angle":0},{"time":1.1667,"angle":-12}]},"ren3":{"rotate":[{"time":0.5,"angle":0},{"time":1.1667,"angle":-12}]},"ren4":{"rotate":[{"time":0.5,"angle":0},{"time":1.1667,"angle":-3.6}]},"ren5":{"rotate":[{"time":0.5,"angle":0},{"time":1.1667,"angle":14.4}]},"denglong":{"rotate":[{"time":0,"angle":0},{"time":0.9333,"angle":4.8},{"time":1.8,"angle":0}]},"bone2":{"rotate":[{"time":0,"angle":0},{"time":0.9333,"angle":7.2},{"time":1.8,"angle":0}]},"denglong2":{"rotate":[{"time":0,"angle":0},{"time":0.9333,"angle":3.6},{"time":1.8,"angle":0}]},"niao3":{"translate":[{"time":0,"x":0,"y":0}],"scale":[{"time":0,"x":1,"y":1},{"time":0.9,"x":1.04,"y":1.04},{"time":1.8,"x":1,"y":1}]},"niao6":{"rotate":[{"time":0,"angle":-14.4},{"time":0.9,"angle":24},{"time":1.8,"angle":-14.4}]},"niao4":{"rotate":[{"time":0,"angle":9.6},{"time":0.9,"angle":-25.2},{"time":1.8,"angle":9.6}]},"niao7":{"rotate":[{"time":0,"angle":0},{"time":0.9,"angle":15.6},{"time":1.8,"angle":0}]},"niao5":{"rotate":[{"time":0,"angle":0},{"time":0.9,"angle":-10.8},{"time":1.8,"angle":0}]},"niao2":{"scale":[{"time":0,"x":1,"y":1},{"time":0.9,"x":1.06,"y":1.06},{"time":1.8,"x":1,"y":1}]},"denglong3":{"rotate":[{"time":0,"angle":0},{"time":0.9333,"angle":3.6},{"time":1.8,"angle":0}]},"denglong4":{"rotate":[{"time":0,"angle":0},{"time":0.9333,"angle":3.6},{"time":1.8,"angle":0}]}}}}}