{"skeleton":{"hash":"8odlRAsfpxlQ8n1ByvBsB8sgGaE","spine":"3.6.53","width":1624,"height":750,"images":"./images/"},"bones":[{"name":"root"},{"name":"bone","parent":"root","length":10.45,"rotation":94.61,"x":97.17,"y":-113.13},{"name":"bone2","parent":"bone","length":12.38,"rotation":103.58,"x":0.04,"y":0.5},{"name":"target01","parent":"root","x":72.94,"y":-147.52,"color":"ff3f00ff"},{"name":"bone3","parent":"bone2","length":26.59,"rotation":-6.52,"x":12.38},{"name":"bone4","parent":"bone3","length":29.58,"rotation":118.27,"x":26.59},{"name":"bone5","parent":"bone4","length":24.71,"rotation":-110.88,"x":29.58},{"name":"bone6","parent":"bone","length":18.97,"rotation":-113.21,"x":0.14,"y":-0.35},{"name":"target2","parent":"root","x":116.3,"y":-146.2,"color":"ff3f00ff"},{"name":"bone7","parent":"bone6","length":13.9,"rotation":-116.89,"x":18.97},{"name":"bone8","parent":"bone7","length":22.45,"rotation":90.79,"x":13.9},{"name":"bone9","parent":"bone8","length":18.35,"rotation":-111.55,"x":22.45},{"name":"bone10","parent":"bone","length":9.9,"rotation":-0.85,"x":10.41,"y":0.26},{"name":"bone11","parent":"bone10","length":10.29,"rotation":-0.14,"x":9.9},{"name":"bone12","parent":"bone11","length":93.65,"rotation":13.75,"x":11.22,"y":4.56},{"name":"bone13","parent":"bone12","length":70.48,"rotation":-45.57,"x":93.73,"y":-0.23},{"name":"bone14","parent":"bone13","length":32.71,"rotation":129.29,"x":80.81,"y":-10.63},{"name":"bone15","parent":"bone14","length":24.2,"rotation":35.91,"x":32.71},{"name":"bone16","parent":"bone15","length":14.4,"rotation":41.8,"x":24.2},{"name":"bone17","parent":"bone13","length":33.05,"rotation":-38.27,"x":63.41,"y":-55.01},{"name":"bone18","parent":"bone17","length":30.91,"rotation":67.57,"x":33.05},{"name":"bone19","parent":"bone13","length":25.49,"rotation":70.33,"x":15.53,"y":33.69},{"name":"bone20","parent":"bone19","length":24.3,"rotation":-62.36,"x":25.49},{"name":"bone29","parent":"bone11","length":23.55,"rotation":81.41,"x":8.6,"y":1.55},{"name":"bone21","parent":"bone29","length":21.99,"rotation":101.9,"x":26.43,"y":-0.16},{"name":"bone22","parent":"bone21","length":10.7,"rotation":-89.26,"x":21.99},{"name":"bone23","parent":"bone22","length":34.78,"rotation":-12.04,"x":10.7},{"name":"bone24","parent":"bone11","length":13.52,"rotation":171.18,"x":11.28,"y":-30.3},{"name":"bone25","parent":"bone24","length":31.74,"rotation":-38.76,"x":13.52},{"name":"bone28","parent":"bone11","length":21.9,"rotation":-84.51,"x":9.16,"y":-2.57},{"name":"bone30","parent":"bone28","length":10.24,"rotation":26.16,"x":22.13,"y":0.17},{"name":"bone26","parent":"bone30","length":16.8,"rotation":-59.66,"x":10.72,"y":-1.09},{"name":"bone27","parent":"bone26","length":14.1,"rotation":21.07,"x":17.34,"y":-0.2},{"name":"bone31","parent":"bone13","length":40.3,"rotation":-93.31,"x":48.5,"y":-66.34},{"name":"bone32","parent":"bone28","length":13.22,"rotation":-73.29,"x":21.78,"y":-0.41},{"name":"bone33","parent":"bone32","length":17.7,"rotation":-13.29,"x":13.22},{"name":"bone34","parent":"bone13","length":9.66,"rotation":34.43,"x":-14.63,"y":23.53},{"name":"bone35","parent":"bone13","length":9.03,"rotation":32.95,"x":10.89,"y":-14.87},{"name":"bone36","parent":"root","length":10.58,"rotation":90,"x":-93.73,"y":-114.59},{"name":"bone37","parent":"bone36","length":8.97,"x":10.58,"y":-0.46},{"name":"bone38","parent":"bone37","length":45.92,"rotation":79.03,"x":8.97},{"name":"bone39","parent":"bone37","length":45.9,"rotation":-70.38,"x":8.74,"y":-0.69},{"name":"bone40","parent":"bone37","length":90.16,"rotation":-0.15,"x":8.05,"y":-0.46},{"name":"bone41","parent":"bone40","length":63.13,"rotation":16.09,"x":90.01,"y":0.32},{"name":"bone42","parent":"bone41","length":32.84,"rotation":-1.43,"x":32.96,"y":-7.84},{"name":"bone43","parent":"bone42","length":26.87,"rotation":20.29,"x":32.84},{"name":"bone44","parent":"bone43","length":35.31,"rotation":18.82,"x":26.87},{"name":"bone45","parent":"bone42","length":41.55,"rotation":41.63,"x":30.65,"y":17.82},{"name":"bone46","parent":"bone42","length":35.08,"rotation":-4.07,"x":28.84,"y":-14.54},{"name":"bone47","parent":"bone41","length":46.09,"rotation":56.92,"x":31.01,"y":54.12},{"name":"bone48","parent":"bone41","length":30.61,"rotation":-53.64,"x":21.69,"y":-43.99},{"name":"bone49","parent":"bone41","length":25.35,"rotation":76.54,"x":11.6,"y":62.33},{"name":"bone50","parent":"bone41","length":18.61,"rotation":-83.93,"x":1.37,"y":-46.96},{"name":"bone51","parent":"bone39","length":42.25,"rotation":-108.62,"x":56.77,"y":3.78},{"name":"bone52","parent":"bone38","length":41.97,"rotation":66.41,"x":62.19,"y":-9.57},{"name":"bone53","parent":"bone39","length":39.73,"rotation":-72.41,"x":52.72,"y":2.82},{"name":"bone54","parent":"bone36","length":23.14,"rotation":-173.5,"x":4.01,"y":-19.3},{"name":"bone55","parent":"bone54","length":18.34,"rotation":-7.41,"x":23.14},{"name":"bone56","parent":"bone55","length":9.32,"rotation":-0.88,"x":18.34},{"name":"bone57","parent":"bone36","length":34.79,"rotation":150.43,"x":5.47,"y":21.73},{"name":"bone58","parent":"bone41","length":10.34,"rotation":0.39,"x":6.53,"y":19.16},{"name":"bone59","parent":"bone41","length":12.41,"rotation":-4.02,"x":2.51,"y":-34.11},{"name":"bone60","parent":"bone36","length":21.28,"rotation":153.07,"x":2.49,"y":16.09},{"name":"bone61","parent":"bone60","length":22.02,"rotation":7.87,"x":21.28},{"name":"bone62","parent":"bone61","length":9.5,"rotation":16.29,"x":22.4,"y":-0.19},{"name":"bone63","parent":"bone36","length":23.61,"rotation":-157.92,"x":4.17,"y":-20.63},{"name":"bone64","parent":"bone63","length":18.77,"rotation":-3.05,"x":23.61},{"name":"bone65","parent":"bone64","length":11.94,"rotation":-16.82,"x":18.77}],"slots":[{"name":"shou2","bone":"root","attachment":"shou2"},{"name":"body","bone":"root","attachment":"body"},{"name":"shou1","bone":"root","attachment":"shou1"},{"name":"jiao1","bone":"root","attachment":"jiao1"},{"name":"jiao2","bone":"root","attachment":"jiao2"},{"name":"tou","bone":"root","attachment":"tou"},{"name":"yanzhu","bone":"root","attachment":"yanzhu"},{"name":"fa","bone":"root","attachment":"fa"},{"name":"jiao002","bone":"root","attachment":"jiao002"},{"name":"jiao001","bone":"root"},{"name":"shou001","bone":"root","attachment":"shou001"},{"name":"shou002","bone":"root","attachment":"shou002"},{"name":"body0001","bone":"root","attachment":"body0001"},{"name":"shou0003","bone":"root"},{"name":"jiao00001","bone":"root","attachment":"jiao00001"},{"name":"jiao0002","bone":"root","attachment":"jiao0002"},{"name":"erduo001","bone":"root","attachment":"erduo001"},{"name":"erduo002","bone":"root","attachment":"erduo002"},{"name":"tou0001","bone":"root","attachment":"tou0001"},{"name":"fa0001","bone":"root","attachment":"fa0001"},{"name":"yanzhu002","bone":"root","attachment":"yanzhu002"},{"name":"yanzhu001","bone":"root","attachment":"yanzhu001"},{"name":"yanzhu_1","bone":"root","attachment":"yanzhu_1"},{"name":"yingzi","bone":"bone36","attachment":"yingzi"},{"name":"yingzi2","bone":"root","attachment":"yingzi"}],"ik":[{"name":"target01","order":0,"bones":["bone3","bone4"],"target":"target01"},{"name":"target2","order":1,"bones":["bone7","bone8"],"target":"target2"}],"skins":{"default":{"body":{"body":{"type":"mesh","uvs":[0.08076,0.01169,0.08891,0.0981,0.1052,0.24655,0.12352,0.37063,0.14592,0.45926,0.07262,0.49471,0,0.53459,0,0.62765,0,0.6919,0,0.72514,0.05633,0.8049,0,0.86916,0,0.93784,0,1,0.09532,1,0.18525,1,0.24617,0.98975,0.34335,0.95345,0.35495,0.89505,0.3593,0.8256,0.30419,0.75615,0.26067,0.71195,0.25994,0.69814,0.27039,0.69187,0.33817,0.68161,0.35871,0.6875,0.37655,0.70279,0.40466,0.75985,0.45763,0.81926,0.43817,0.83514,0.40952,0.88573,0.39955,0.92137,0.40405,0.9645,0.41937,1,0.47072,1,0.58423,1,0.66351,0.99588,0.7405,0.95618,0.78534,0.91281,0.77578,0.81866,0.74626,0.78119,0.67599,0.72308,0.66738,0.71627,0.67585,0.70803,0.73349,0.67048,0.77385,0.61872,0.82574,0.5693,0.84593,0.48774,0.82387,0.39739,0.81604,0.35479,0.87867,0.36873,0.93703,0.36021,0.91355,0.28509,0.96337,0.25023,1,0.22003,1,0.18893,0.94856,0.16305,0.87505,0.11756,0.80802,0.10736,0.71721,0.14423,0.70712,0.09717,0.68167,0,0.53137,0,0.38107,0,0.23078,0,0.08048,0,0.36841,0.46642,0.24506,0.88187,0.3217,0.18879,0.67084,0.54036,0.62765,0.39238,0.51159,0.64352,0.48892,0.20127,0.25885,0.3221,0.45001,0.30331,0.6774,0.85814,0.63449,0.24886,0.14359,0.63721,0.52566,0.46925,0.22826,0.53614,0.62671,0.11523,0.20142,0.09086],"triangles":[70,76,49,70,74,76,70,49,48,69,48,47,44,69,45,44,43,69,45,69,46,70,78,74,69,70,48,78,70,69,46,69,47,56,55,54,53,56,54,52,57,56,52,56,53,49,59,52,50,49,52,51,50,52,58,52,59,52,58,57,76,59,49,76,80,59,80,62,61,80,61,60,80,60,59,72,63,62,72,62,80,68,63,72,72,80,76,74,68,72,76,74,72,0,65,64,81,0,64,1,0,81,63,81,64,68,81,63,2,1,81,2,81,68,73,2,68,73,68,74,3,2,73,4,3,73,66,73,74,78,66,74,67,10,21,18,67,19,14,12,11,17,67,18,16,67,17,13,12,14,11,10,14,10,67,14,14,67,15,16,15,67,37,75,38,34,32,31,35,34,28,36,75,37,31,30,34,33,32,34,28,75,35,29,28,34,34,30,29,36,35,75,28,27,71,75,41,40,75,40,39,75,39,38,42,75,28,41,75,42,43,71,69,71,25,66,26,25,71,42,71,43,27,26,71,28,71,42,71,66,78,71,78,69,8,7,77,9,8,77,10,9,77,21,10,77,67,21,20,67,20,19,79,4,73,7,6,5,79,77,5,79,5,4,7,5,77,24,79,66,23,77,79,24,23,79,22,77,23,21,77,22,66,79,73,25,24,66],"vertices":[3,23,35.57,-22.24,0.98041,29,-33.25,30.06,0.01955,30,-36.53,51.25,5.0E-5,2,23,33.91,-13.54,0.98736,29,-33.75,21.22,0.01264,4,1,32.69,32.11,7.0E-5,4,15.06,-37.69,0.01116,12,21.8,32.18,0.00203,23,30.79,1.39,0.98673,5,1,19.91,31.1,0.0107,2,25.08,-26.5,0.00806,4,15.63,-24.88,0.25385,12,9.04,30.98,0.06492,23,27.67,13.83,0.66247,5,1,10.7,29.35,0.0161,2,25.54,-17.13,0.01156,4,15.02,-15.53,0.66604,12,-0.14,29.09,0.06277,23,24.41,22.62,0.24353,5,1,7.75,37.75,0.00145,4,23.72,-13.63,0.94129,5,-10.65,8.98,0.00595,12,-3.22,37.45,0.01006,23,32.2,26.92,0.04126,4,4,32.44,-11.28,0.87799,5,-12.7,0.19,0.11729,12,-6.75,45.76,3.5E-4,23,39.88,31.67,0.00437,3,4,34.35,-1.98,0.38737,5,-5.42,-5.9,0.61115,6,17.99,-30.6,0.00148,3,4,35.68,4.44,0.02966,5,-0.4,-10.11,0.94081,6,20.13,-24.4,0.02952,3,4,36.36,7.76,1.6E-4,5,2.2,-12.28,0.94218,6,21.23,-21.2,0.05766,2,5,12.46,-12.71,0.53391,6,17.98,-11.47,0.46608,2,5,13.47,-21.71,0.0676,6,26.03,-7.31,0.9324,2,5,18.84,-26.21,0.00127,6,28.31,-0.69,0.99873,1,6,30.38,5.3,1,1,6,20.38,8.76,1,1,6,10.95,12.01,1,2,5,40.44,-8.65,0.0039,6,4.22,13.23,0.9961,2,5,44.52,1.99,0.1908,6,-7.19,13.25,0.8092,2,5,40.78,6.8,0.38329,6,-10.35,8.04,0.61671,3,4,-0.62,25.86,0.00378,5,35.66,11.72,0.67213,6,-13.12,1.51,0.32409,4,4,3.94,17.68,0.0756,5,26.3,11.58,0.88771,9,33.29,-10.15,2.0E-5,6,-9.65,-7.19,0.03667,6,1,-16.02,18.72,1.8E-4,2,21.48,11.33,0.00889,4,7.76,12.29,0.34431,5,19.74,10.77,0.64271,9,33.57,-16.75,0.0022,10,-17.02,-19.44,0.00171,6,1,-14.6,18.69,8.8E-4,2,21.12,9.97,0.02667,4,7.55,10.89,0.49615,5,18.61,11.61,0.46677,9,32.64,-17.82,0.00524,10,-18.07,-18.5,0.0043,6,1,-14.06,17.48,0.00299,2,19.82,9.72,0.06716,4,6.29,10.5,0.59747,5,18.86,12.91,0.31156,9,31.37,-17.46,0.01122,10,-17.7,-17.23,0.00959,7,1,-13.62,9.9,0.05871,2,12.34,11.07,0.43694,4,-1.29,11,0.29181,5,22.89,19.35,0.03296,9,25.27,-12.93,0.08872,10,-13.09,-11.19,0.09063,11,23.46,-28.94,2.3E-4,7,1,-14.4,7.67,0.09862,2,10.36,12.36,0.43873,4,-3.41,12.05,0.1453,5,24.82,20.71,0.01197,9,24.06,-10.9,0.13773,10,-11.04,-10.01,0.16588,11,21.62,-27.47,0.00178,7,1,-16.12,5.83,0.12298,2,8.97,14.46,0.34463,4,-5.03,13.98,0.05915,5,27.28,21.23,0.00322,9,23.75,-8.4,0.18064,10,-8.54,-9.73,0.28191,11,20.43,-25.25,0.00748,6,1,-22.17,3.18,0.06747,2,7.82,20.96,0.13752,4,-6.91,20.31,0.00573,9,25.6,-2.07,0.11023,10,-2.23,-11.67,0.61284,11,19.92,-18.67,0.06622,5,1,-28.68,-2.19,0.00542,2,4.13,28.55,0.01341,9,25.66,6.38,0.00239,10,6.21,-11.84,0.5282,11,16.98,-10.75,0.45058,4,1,-30.12,0.09,0.00129,2,6.68,29.42,0.00422,10,5.82,-14.51,0.32265,11,19.61,-10.14,0.67184,3,2,11.32,33.33,4.0E-5,10,7.19,-20.42,0.08193,11,24.6,-6.7,0.91803,2,10,8.96,-23.78,0.02426,11,27.08,-3.81,0.97574,2,10,12.41,-26.56,0.00154,11,28.39,0.41,0.99846,1,11,28.29,4.41,1,1,11,23.08,6.71,1,1,11,11.54,11.78,1,2,10,35.13,-8.58,0.05177,11,3.32,14.94,0.94823,2,10,38.36,0.31,0.29452,11,-6.13,14.68,0.70548,3,9,6.4,38.68,2.8E-4,10,38.78,6.96,0.4521,11,-12.47,12.63,0.54762,3,9,0.43,31.09,0.01763,10,31.27,13.04,0.69479,11,-15.37,3.42,0.28758,4,9,0.09,26.07,0.04545,10,26.26,13.45,0.7922,11,-13.91,-1.4,0.15993,35,46.08,-1.06,0.00243,4,9,1.49,16.37,0.27099,10,16.54,12.18,0.66687,11,-9.16,-9.97,9.0E-4,35,38.6,-7.39,0.06124,3,9,1.69,15.21,0.33959,10,15.38,12,0.56953,35,37.71,-8.18,0.09088,4,7,32.39,-7.29,3.2E-4,9,0.43,15.27,0.39421,10,15.45,13.26,0.46102,35,37.1,-7.08,0.14444,5,7,37.23,-1.62,2.0E-4,9,-6.82,17.02,0.38137,10,17.31,20.48,0.17374,32,-9.47,-45.03,1.1E-4,35,34.74,0,0.44458,4,9,-13.72,16.4,0.20518,10,16.78,27.39,0.06311,32,-5.3,-39.5,0.00733,35,30.56,5.52,0.72438,4,9,-21.36,16.84,0.05978,10,17.33,35.02,0.01213,32,0.16,-34.14,0.03882,35,26.89,12.24,0.88927,4,9,-28.79,12.48,0.00553,10,13.07,42.51,2.2E-4,32,1.91,-25.7,0.11168,35,19.26,16.23,0.88257,3,32,-1.06,-16.64,0.32616,35,9.73,15.84,0.66839,34,26.33,13.18,0.00545,3,32,-2.18,-12.36,0.59361,35,5.3,15.93,0.38265,34,22.04,14.29,0.02374,3,32,4.84,-13.37,0.88826,35,8.19,22.41,0.10953,34,26.35,19.92,0.00221,2,32,11.26,-12.13,0.93776,35,8.75,28.92,0.06224,2,32,8.21,-4.63,0.97575,35,0.71,28.04,0.02425,1,32,13.53,-0.76,1,3,31,32.67,8.43,0.00106,32,17.41,2.55,0.9989,35,-3.69,38.85,3.0E-5,3,31,31.36,11.32,0.01173,32,17.22,5.71,0.98824,35,-6.79,39.53,3.0E-5,3,31,25.07,11.37,0.20007,32,11.37,8.02,0.79993,35,-10.6,34.53,1.0E-5,2,31,15.72,12.23,0.83842,32,2.96,12.18,0.16158,1,31,8.51,10.1,1,3,29,34.36,5.53,0.01017,30,13.34,-0.58,0.01983,31,0.88,2.51,0.97,3,29,34.02,10.45,0.15118,30,15.2,3.98,0.70623,31,-2.12,6.42,0.14259,4,23,-30.78,-29.2,6.0E-5,29,32.8,20.68,0.32283,30,18.62,13.71,0.67606,31,-8.78,14.28,0.00105,3,23,-14.16,-27.76,0.05192,29,16.33,23.32,0.54636,30,4.99,23.34,0.40172,3,23,2.46,-26.31,0.38685,29,-0.15,25.96,0.48284,30,-8.63,32.97,0.1303,3,23,19.08,-24.87,0.83172,29,-16.62,28.6,0.14792,30,-22.25,42.61,0.02036,2,23,35.7,-23.42,0.98094,29,-33.09,31.25,0.01906,5,1,7.99,4.79,0.54373,2,2.3,-8.73,0.2099,4,-9.02,-9.82,0.04015,12,-2.49,4.49,0.17887,23,-0.26,21.2,0.02735,2,5,31.92,-1.69,0.1188,6,0.74,2.79,0.8812,3,23,7.36,-6.56,0.83936,29,-9.7,7.99,0.14661,30,-25.13,21.06,0.01403,5,7,26.41,8.74,0.14794,9,-11.16,2.68,0.12141,10,3.03,25.02,0.01442,12,-12.22,-28.51,0.00156,35,20.28,-3.91,0.71467,5,7,17.05,21.52,0.10742,12,3.15,-24.72,0.04447,29,20.54,-17.89,0.02395,35,4.5,-5.31,0.67973,34,16.39,-6.21,0.14443,4,1,-11.3,-9.6,0.0365,7,13.01,-6.87,0.11054,2,-7.16,13.39,0.00426,9,8.82,-2.21,0.8487,3,23,-11.24,-6.9,0.01675,29,8.42,3.8,0.92231,30,-10.71,9.3,0.06095,5,1,23.64,15.73,0.01323,2,9.26,-26.51,0.01838,4,-0.09,-26.69,0.07977,12,12.99,15.66,0.15324,23,13.13,7.59,0.73537,5,7,-4.53,23.84,0.01905,12,13.51,-5.64,0.40023,29,2.51,-5.8,0.53878,35,-8.64,-22.59,0.00877,34,-0.38,-20,0.03317,4,9,11.04,26.31,0.00735,10,26.35,2.5,0.52371,11,-3.75,2.7,0.46891,35,52.08,-10.23,4.0E-5,4,30,-0.32,-3.99,0.06721,31,-3.07,-11,0.01283,32,-22.93,-2.74,0.0016,34,3.54,0.85,0.91836,2,4,18.94,2.2,0.79941,5,5.56,5.7,0.20059,6,1,6.3,-12.59,0.02954,7,8.82,10.48,0.6058,12,-3.93,-12.9,0.12973,29,8.12,-23.84,0.02659,35,9.7,-18.07,0.15629,34,18.51,-19.81,0.05206,5,1,2.15,20.87,0.02391,2,19.3,-6.83,0.03304,4,7.65,-6,0.8402,12,-8.57,20.48,0.03982,23,14.62,29.64,0.06302,3,23,-25.72,-16.97,0.00116,29,24.92,10.04,0.35917,30,6.85,7.63,0.63967,3,23,21.53,-15.35,0.91543,29,-21.3,19.97,0.07638,30,-30.26,36.92,0.00819],"hull":66,"edges":[0,2,2,4,4,6,6,8,8,10,10,12,12,14,14,16,16,18,18,20,20,22,22,24,24,26,26,28,28,30,30,32,32,34,34,36,36,38,38,40,40,42,42,44,44,46,46,48,48,50,50,52,52,54,54,56,56,58,58,60,60,62,62,64,64,66,66,68,68,70,70,72,72,74,74,76,76,78,78,80,80,82,82,84,84,86,86,88,88,90,90,92,92,94,94,96,96,98,98,100,100,102,102,104,104,106,106,108,108,110,110,112,112,114,114,116,116,118,118,120,120,122,122,124,124,126,126,128,128,130,130,0],"width":111,"height":102}},"body0001":{"body0001":{"type":"mesh","uvs":[0,0.14039,0,0.30719,0,0.45314,0,0.67554,0.05572,0.87709,0.10726,1,0.28999,1,0.46804,1,0.6086,1,0.73042,1,0.85224,0.85624,0.93189,0.73809,1,0.59214,1,0.35584,1,0.23074,1,0.09869,1,0,0,0],"triangles":[9,8,10,11,10,7,13,12,11,11,2,13,1,14,13,0,15,14,17,16,15,2,7,3,6,5,4,6,4,3,2,11,7,2,1,13,1,0,14,0,17,15,8,7,10,6,3,7],"vertices":[2,38,45.18,43.41,1.0E-4,40,47.94,-16.81,0.9999,2,38,35.17,43.41,1.1E-4,40,46.04,-6.99,0.99989,2,38,26.42,43.41,3.3E-4,40,44.37,1.61,0.99967,2,38,13.07,43.41,0.11585,40,41.83,14.71,0.88415,2,38,0.98,38.45,0.31076,40,34.66,25.64,0.68924,2,38,-6.4,33.86,0.40679,40,28.76,32,0.59321,2,38,-6.4,17.6,0.65823,40,12.79,28.91,0.34177,4,38,-6.4,1.75,0.96735,39,-16.98,2.21,0.00573,40,-2.77,25.89,0.0238,41,-11.37,-23.25,0.00311,3,38,-6.4,-10.76,0.53559,39,-16.98,-10.3,0.24847,41,0.42,-27.45,0.21595,3,38,-6.4,-21.6,0.23974,39,-16.98,-21.14,0.33056,41,10.63,-31.09,0.4297,3,38,2.23,-32.44,0.06629,39,-8.35,-31.98,0.24488,41,23.74,-26.6,0.68882,3,38,9.32,-39.53,0.01348,39,-1.26,-39.07,0.13416,41,32.8,-22.3,0.85236,3,38,18.08,-45.59,2.7E-4,39,7.5,-45.13,0.05057,41,41.45,-16.09,0.94915,2,39,21.67,-45.13,0.00157,41,46.2,-2.74,0.99843,1,41,48.72,4.33,1,2,40,-38.95,-36.21,8.8E-4,41,51.38,11.8,0.99912,2,40,-37.82,-42.02,0.00175,41,53.37,17.38,0.99825,2,38,53.6,43.41,9.0E-5,40,49.55,-25.08,0.99991],"hull":18,"edges":[0,2,2,4,4,6,6,8,8,10,10,12,12,14,14,16,16,18,18,20,20,22,22,24,24,26,26,28,28,30,30,32,32,34,0,34],"width":89,"height":60}},"erduo001":{"erduo001":{"type":"mesh","uvs":[1,1,0,1,0,0,1,0],"triangles":[1,2,3,1,3,0],"vertices":[1,52,13.37,-22.94,1,1,52,-15.37,-11.32,1,1,52,-3.38,18.35,1,1,52,25.36,6.73,1],"hull":4,"edges":[0,2,2,4,4,6,0,6],"width":31,"height":32}},"erduo002":{"erduo002":{"type":"mesh","uvs":[1,1,0,1,0,0,1,0],"triangles":[1,2,3,1,3,0],"vertices":[1,51,-12.26,14.62,1,1,51,28.7,12.84,1,1,51,27.48,-15.14,1,1,51,-13.48,-13.36,1],"hull":4,"edges":[0,2,2,4,4,6,0,6],"width":41,"height":28}},"fa":{"fa":{"type":"mesh","uvs":[0.23487,1,0.27421,0.91842,0.32474,0.81366,0.37653,0.92768,0.45608,0.88545,0.53647,0.84277,0.67204,0.76514,0.72231,0.88401,0.76191,0.86703,0.84264,0.66568,0.88834,0.51042,0.94851,0.4722,0.95231,0.40559,0.89401,0.31678,0.88133,0.1775,0.86359,0.08061,0.87753,0,0.80782,0,0.7774,0.07052,0.77487,0.11695,0.72417,0.04428,0.6646,0,0.53279,0,0.41106,0,0.32592,0.05747,0.24256,0.16843,0.18408,0.20608,0.13556,0.16843,0.09823,0.0753,0.0721,0.0971,0.08081,0.22193,0.11316,0.31704,0.11938,0.36658,0.09823,0.43593,0.05966,0.43395,0,0.36658,0,0.49141,0.05344,0.58256,0.11565,0.60237,0.10819,0.69748,0.10943,0.81439,0.15049,0.93922,0.2015,1,0.65605,0.40908,0.74974,0.79542,0.3506,0.60713,0.29167,0.28587],"triangles":[40,39,2,1,40,2,41,40,1,42,41,1,0,42,1,29,28,27,30,29,27,46,25,24,26,25,46,26,31,30,26,30,27,31,26,46,32,31,46,36,35,34,37,36,34,37,34,33,45,38,33,37,33,38,43,45,46,33,32,46,46,45,33,45,39,38,5,2,45,2,39,45,6,5,45,4,2,5,4,3,2,15,17,16,18,17,15,19,18,15,19,15,14,22,19,43,20,22,21,19,22,20,13,43,19,13,19,14,12,10,13,10,43,13,12,11,10,24,22,46,22,24,23,22,43,46,9,43,10,6,43,9,45,43,6,44,6,9,8,44,9,7,6,44,7,44,8],"vertices":[1,18,14.71,1.03,1,3,16,50.27,25.11,8.8E-4,17,28.95,10.04,0.0481,18,10.23,4.32,0.95103,3,16,44.92,20.39,0.03977,17,21.85,9.36,0.63607,18,4.49,8.54,0.32415,3,16,41.74,27.29,0.11936,17,23.31,16.82,0.79937,18,10.55,13.12,0.08127,3,16,34.58,26.37,0.22231,17,16.98,20.27,0.74701,18,8.13,19.92,0.03068,3,16,27.35,25.44,0.43808,17,10.58,23.75,0.55903,18,5.68,26.78,0.00289,2,16,15.11,23.58,0.84421,17,-0.43,29.42,0.15579,2,16,12.1,30.71,0.92057,17,1.31,36.96,0.07943,2,16,8.58,30.46,0.92529,17,-1.68,38.83,0.07471,2,16,-0.32,21.13,0.97052,17,-14.37,36.49,0.02948,2,16,-5.8,13.66,0.99658,17,-23.18,33.65,0.00342,2,16,-11.27,12.63,0.99994,17,-28.22,36.03,6.0E-5,1,16,-12.28,9.16,1,1,16,-8.29,3.49,1,1,16,-8.67,-4.1,1,1,16,-8.18,-9.52,1,1,16,-10.19,-13.57,1,1,16,-4.31,-14.72,1,1,16,-1.01,-11.49,1,1,16,-0.31,-9.07,1,1,16,3.21,-13.76,1,1,16,7.78,-17.09,1,2,16,18.9,-19.28,0.9763,17,-22.49,-7.51,0.0237,2,16,29.17,-21.29,0.80394,17,-15.35,-15.17,0.19606,2,16,36.96,-19.66,0.55898,17,-8.09,-18.41,0.44102,2,16,45.15,-15.16,0.18283,17,1.18,-19.57,0.81717,2,16,50.47,-14.13,0.03928,17,6.1,-21.86,0.96072,2,16,54.17,-16.93,0.00426,17,7.46,-26.3,0.99574,1,17,5.97,-32.08,1,2,16,58.79,-21.76,0,17,8.36,-32.92,1,2,16,59.35,-15,4.0E-5,17,12.78,-27.77,0.99996,2,16,57.61,-9.43,0.00127,17,14.64,-22.24,0.99873,3,16,57.6,-6.7,3.3E-4,17,16.23,-20.02,0.99865,18,-19.28,-9.62,0.00102,2,17,20.21,-18.8,0.9884,18,-15.5,-11.36,0.0116,2,17,22.39,-21.3,0.99337,18,-15.54,-14.68,0.00663,1,17,23.23,-27.53,1,2,17,28.16,-22.93,0.99633,18,-12.33,-19.74,0.00367,2,17,28.63,-16.22,0.96338,18,-7.5,-15.04,0.03662,2,17,25.76,-11.57,0.81834,18,-6.55,-9.67,0.18166,2,17,29.96,-8.54,0.37373,18,-1.4,-10.21,0.62627,2,17,34.5,-4.16,0.03942,18,4.91,-9.97,0.96058,1,18,11.58,-6.3,1,1,18,14.77,-1.84,1,2,16,12.75,4.44,0.98719,17,-13.56,15.3,0.01281,2,16,8.86,26.47,0.92459,17,-3.79,35.42,0.07541,3,16,40.59,9.88,0.02422,17,12.17,3.38,0.97256,18,-6.71,10.53,0.00321,2,16,42.22,-8.12,0.14362,17,2.94,-12.16,0.85638],"hull":43,"edges":[0,2,2,4,4,6,6,8,8,10,10,12,12,14,14,16,16,18,18,20,20,22,22,24,24,26,26,28,28,30,30,32,32,34,34,36,36,38,38,40,40,42,42,44,44,46,46,48,48,50,50,52,52,54,54,56,56,58,58,60,60,62,62,64,64,66,66,68,68,70,70,72,72,74,74,76,76,78,78,80,80,82,82,84,84,0],"width":86,"height":54}},"fa0001":{"fa0001":{"type":"mesh","uvs":[0.66979,0.99021,0.42111,0.98005,0.32827,0.86489,0.14258,0.79376,0.03979,0.76327,0,0.67521,0,0.50924,0.02985,0.31956,0.07627,0.2044,0.10942,0.08586,0.13595,0,0.2089,0,0.27853,0.15021,0.32827,0.06892,0.441,0.09263,0.55706,0.05876,0.70958,0.10279,0.76927,0.16715,0.79579,0.11634,0.87869,0.21795,0.945,0.3365,1,0.40763,1,0.59053,0.95163,0.74634,0.86874,0.88182,0.77921,0.97327,0.61042,0.25968,0.52576,0.8858,0.68998,0.70391,0.23811,0.49879],"triangles":[9,10,11,12,9,11,14,15,26,12,8,9,29,8,12,12,13,14,12,14,26,26,29,12,17,18,19,26,15,16,26,16,17,20,21,22,26,20,28,19,26,17,20,26,19,28,20,22,23,28,22,7,8,29,6,7,29,5,6,29,3,4,5,29,3,5,28,29,26,28,2,29,3,29,2,1,2,27,24,28,23,27,2,28,28,0,27,24,25,28,25,0,28,1,27,0],"vertices":[2,44,-5.95,8.86,0.90808,47,-33.31,17.61,0.09192,2,44,0.89,31.49,0.42623,47,-13.16,29.99,0.57377,2,44,13.47,37.35,0.16793,47,0.13,26.01,0.83207,2,44,24.29,52.77,0.00312,47,18.46,30.35,0.99688,1,47,28.15,33.44,1,1,47,35.85,28.74,1,1,47,44.46,15.93,1,2,47,51.93,-0.3,0.89898,46,36,25.86,0.10102,2,47,54.24,-11.65,0.42739,46,38.8,14.62,0.57261,2,47,57.76,-22.56,0.04408,46,42.8,3.87,0.95592,1,46,45.51,-4.05,1,1,46,39.93,-8.16,1,2,48,47.2,43.27,2.6E-4,46,26.32,-0.84,0.99974,2,48,53.78,37.26,0.01227,46,27,-9.73,0.98773,2,48,49.67,27.12,0.11383,46,17.07,-14.3,0.88617,3,45,43.94,-18.88,0.01019,48,50.77,15.71,0.38662,46,10.06,-23.38,0.60319,3,45,32.31,-28.45,0.01381,48,44.12,2.2,0.83025,46,-4.03,-28.68,0.15595,2,48,37.21,-2.29,0.9965,46,-12.14,-27.22,0.0035,1,48,41.4,-5.62,1,1,48,30.68,-11.66,1,1,48,18.69,-15.86,1,1,48,11.24,-19.8,1,2,44,22.18,-30.82,0.03761,48,-5.49,-16.71,0.96239,2,44,9.3,-22.75,0.42499,48,-18.91,-9.57,0.57501,2,44,-0.92,-11.96,0.87855,48,-29.87,0.46,0.12145,3,44,-7.03,-1.6,0.99716,47,-41.06,10.51,8.7E-4,48,-36.69,10.36,0.00197,3,45,25.7,-12.38,0.38178,48,31.48,14.11,0.42343,46,-5.1,-11.34,0.19479,2,44,6.88,19.67,0.56419,47,-16.53,17.17,0.43581,2,44,19.35,0.33,0.99722,47,-20.06,-5.57,0.00278,1,47,26.21,2.51,1],"hull":26,"edges":[0,2,2,4,4,6,6,8,8,10,10,12,12,14,14,16,16,18,18,20,20,22,22,24,24,26,26,28,28,30,30,32,32,34,34,36,36,38,38,40,40,42,42,44,44,46,46,48,48,50,50,0],"width":95,"height":93}},"jiao00001":{"jiao00001":{"type":"mesh","uvs":[1,1,0,1,0,0,1,0],"triangles":[1,2,3,1,3,0],"vertices":[1,50,-1.41,-35.75,1,1,50,-30.14,1.44,1,1,50,29.99,47.91,1,1,50,58.73,10.72,1],"hull":4,"edges":[0,2,2,4,4,6,0,6],"width":47,"height":76}},"jiao0002":{"jiao0002":{"type":"mesh","uvs":[1,1,0,1,0,0,1,0],"triangles":[1,2,3,1,3,0],"vertices":[1,49,-23.17,9.59,1,1,49,39.9,29.03,1,1,49,56.99,-26.39,1,1,49,-6.08,-45.84,1],"hull":4,"edges":[0,2,2,4,4,6,0,6],"width":66,"height":58}},"jiao001":{"jiao001":{"type":"mesh","uvs":[1,1,0,1,0,0,1,0],"triangles":[1,2,3,1,3,0],"vertices":[1,59,12.89,47.92,1,1,59,42.99,-5.13,1,1,59,-12.67,-36.71,1,1,59,-42.77,16.35,1],"hull":4,"edges":[0,2,2,4,4,6,0,6],"width":61,"height":64}},"jiao002":{"jiao002":{"type":"mesh","uvs":[0.20322,0.00195,0.15832,0.14612,0.11343,0.29029,0.08848,0.37352,0.06105,0.47756,0.03361,0.59647,0,0.78671,0,0.87589,0,0.95318,0.04836,1,0.14147,1,0.17882,0.97505,0.20009,0.90108,0.23893,0.85411,0.29456,0.71397,0.33249,0.66425,0.35651,0.61,0.41416,0.49587,0.44579,0.45345,0.52487,0.45581,0.57429,0.52178,0.62965,0.59247,0.68501,0.66551,0.74036,0.76211,0.77793,0.86578,0.83526,1,0.96179,1,0.99935,0.9671,1,0.86578,0.99408,0.80359,1,0.75236,0.98314,0.67691,0.96922,0.57521,0.96409,0.50582,0.94696,0.35274,0.91784,0.15679,0.88188,0,0.71221,4.9E-4,0.54255,9.7E-4,0.37288,0.00146,0.45023,0.2518,0.69168,0.24397,0.7482,0.48913,0.29562,0.35396,0.33313,0.14402,0.51731,0.10736,0.85366,0.34971,0.23443,0.53522],"triangles":[27,26,28,28,26,25,28,25,24,24,29,28,24,23,29,29,23,30,23,31,30,23,32,31,22,32,23,33,32,42,42,32,22,22,21,42,33,46,34,33,42,46,21,20,42,20,19,42,19,41,42,42,41,46,19,40,41,46,35,34,46,41,35,40,45,41,41,37,35,37,36,35,41,45,37,37,45,38,11,10,12,10,7,12,9,7,10,7,9,8,12,7,6,13,12,6,13,6,14,14,6,5,14,5,47,14,47,15,5,4,47,15,47,16,16,47,17,4,3,47,47,43,17,47,3,43,17,43,18,18,40,19,18,43,40,3,2,43,2,1,43,43,44,40,43,1,44,40,44,45,1,0,44,44,39,45,44,0,39,45,39,38],"vertices":[2,62,-14.78,-17.2,0.98296,65,-34.92,-34.78,0.01704,2,62,-3.63,-15.92,0.99951,65,-26.64,-42.36,4.9E-4,2,62,7.52,-14.63,0.99746,63,-15.63,-12.61,0.00254,2,62,13.92,-13.81,0.93189,63,-9.18,-12.68,0.06811,2,62,21.77,-12.5,0.56586,63,-1.22,-12.45,0.43414,3,62,30.59,-10.7,0.07531,63,7.76,-11.87,0.90636,64,-17.34,-7.11,0.01834,2,63,21.84,-10.1,0.39235,64,-3.32,-9.35,0.60765,2,63,27.99,-7.97,0.03053,64,3.18,-9.04,0.96947,1,64,8.82,-8.77,1,1,64,12.03,-4.4,1,2,63,32.54,6.62,0.05126,64,11.63,3.69,0.94874,2,63,29.75,9.09,0.1658,64,9.66,6.85,0.8342,2,63,24.05,9.08,0.61639,64,4.18,8.44,0.38361,3,62,39.27,13.74,4.0E-4,63,19.7,11.15,0.93363,64,0.59,11.65,0.06597,3,62,27.96,13.43,0.15748,63,8.45,12.39,0.8425,65,16.23,-46.96,2.0E-5,3,62,23.22,14.72,0.38884,63,3.94,14.32,0.60887,65,14.11,-42.53,0.00228,3,62,18.75,14.79,0.61699,63,-0.48,15,0.37137,65,11.22,-39.11,0.01164,3,62,9.05,15.49,0.83932,63,-10,17.02,0.04355,65,5.39,-31.33,0.11714,3,62,5.04,16.54,0.72704,63,-13.82,18.61,0.00696,65,3.55,-27.62,0.26601,3,62,2.08,22.75,0.37645,65,6.3,-21.3,0.61874,66,-16.15,-22.2,0.00481,3,62,4.42,28.77,0.15619,65,12.38,-19.13,0.79719,66,-10.2,-19.7,0.04662,3,62,6.84,35.4,0.0515,65,18.97,-16.61,0.74566,66,-3.75,-16.83,0.20283,4,62,9.42,42.11,0.0102,65,25.72,-14.15,0.4162,66,2.86,-14.02,0.57255,67,-11.18,-18.02,0.00105,4,62,13.52,49.6,1.7E-4,65,34.06,-12.34,0.05025,66,11.1,-11.76,0.85205,67,-3.95,-13.48,0.09753,2,66,19.32,-11.14,0.41672,67,3.74,-10.51,0.58328,2,66,30.2,-9.62,0.00211,67,13.72,-5.9,0.99789,1,67,14.15,5.1,1,1,67,11.87,8.46,1,2,66,25.61,7.13,0.10179,67,4.48,8.8,0.89821,2,66,21.15,8.12,0.46773,67,-0.07,8.46,0.53227,2,66,17.79,9.83,0.77484,67,-3.79,9.12,0.22516,3,65,36.24,9.58,0.00815,66,12.1,10.23,0.96881,67,-9.35,7.87,0.02304,2,65,28.9,11.24,0.22512,66,4.69,11.51,0.77488,2,65,24.04,12.73,0.56552,66,-0.25,12.74,0.43448,2,65,13.13,15.55,0.97756,66,-11.3,14.97,0.02244,1,65,-1.08,18.58,1,2,62,-41.66,35.37,4.1E-4,65,-12.86,19.98,0.99959,2,62,-34.94,22.23,0.08236,65,-18.38,6.29,0.91764,2,62,-28.22,9.09,0.41615,65,-23.89,-7.4,0.58385,2,62,-21.5,-4.06,0.81577,65,-29.41,-21.09,0.18423,2,62,-8.26,10.22,0.67195,65,-9.95,-21.72,0.32805,2,62,-18.28,28.69,0.04395,65,-2.58,-2.04,0.95605,3,62,-4.55,41.18,0.00931,65,15.85,-4.21,0.96629,66,-7.52,-4.62,0.0244,2,62,4.48,1.6,0.99293,65,-8.09,-36.99,0.00707,2,62,-10.66,-2.43,0.90592,65,-21.07,-28.21,0.09408,2,62,-20.3,10.65,0.4793,65,-17.52,-12.35,0.5207,2,65,9.87,8.11,0.99847,66,-14.15,7.37,0.00153,3,62,18.69,2.85,0.82741,63,-2.17,3.18,0.17188,65,2.17,-46.9,7.1E-4],"hull":40,"edges":[0,2,2,4,4,6,6,8,8,10,10,12,12,14,14,16,16,18,18,20,20,22,22,24,24,26,26,28,28,30,30,32,32,34,34,36,36,38,38,40,40,42,42,44,44,46,46,48,48,50,50,52,52,54,54,56,56,58,58,60,60,62,62,64,64,66,66,68,68,70,70,72,72,74,74,76,76,78,78,0],"width":87,"height":73},"zuojiao":{"type":"mesh","uvs":[0,0.24112,0.19714,0.39428,0.30347,0.48617,0.38181,0.62785,0.41539,0.75803,0.42099,0.90736,0.47135,0.98011,0.58887,1,0.73997,1,0.82391,0.9265,0.85189,0.79249,0.91345,0.61636,0.96381,0.4632,1,0.24495,1,0.09945,1,0,0.74967,0,0.49933,0,0.24967,0.07653,0,0.15306,0.66793,0.32573,0.62573,0.87411,0.38396,0.31762,0.68954,0.63543],"triangles":[16,15,14,0,19,18,16,14,13,22,18,17,1,0,18,20,17,16,20,16,13,22,17,20,22,1,18,12,20,13,2,1,22,12,23,20,3,2,22,3,22,20,23,3,20,12,11,23,4,3,23,10,23,11,21,4,23,21,23,10,5,4,21,9,21,10,6,5,21,7,6,21,8,21,9,7,21,8],"vertices":[1,56,-4.66,-30.58,1,2,57,-12.14,-23.48,0.02108,56,8.07,-21.71,0.97892,2,57,-5.25,-17.84,0.15278,56,15.63,-17.01,0.84722,3,58,-12.67,-13.79,0.01163,57,5.45,-13.59,0.67149,56,26.79,-14.18,0.31688,3,58,-2.84,-11.73,0.28233,57,15.32,-11.69,0.69574,56,36.82,-13.57,0.02193,2,58,8.5,-11.09,0.90761,57,26.66,-11.22,0.09239,2,58,13.94,-8.3,0.99102,57,32.15,-8.51,0.00898,1,58,15.26,-2.14,1,2,58,15.02,5.71,0.99987,57,33.44,5.48,1.3E-4,2,58,9.3,9.9,0.94544,57,27.78,9.75,0.05456,2,58,-0.93,11.03,0.40193,57,17.58,11.05,0.59807,3,58,-14.41,13.82,0.00189,57,4.14,14.04,0.73673,56,29.06,13.38,0.26138,2,57,-7.54,16.47,0.15943,56,17.79,17.3,0.84057,2,57,-24.15,18.09,2.0E-5,56,1.52,21.05,0.99998,1,56,-9.47,22.3,1,1,56,-16.98,23.16,1,1,56,-18.45,10.22,1,1,56,-19.92,-2.71,1,1,56,-15.61,-16.27,1,1,56,-11.31,-29.82,1,1,56,5.66,3.2,1,2,58,5.64,-0.53,0.99918,57,23.97,-0.61,8.2E-4,2,57,-18.12,-13.85,0.00585,56,3.38,-11.4,0.99415,2,57,5.78,2.42,0.99776,56,29.18,1.65,0.00224],"hull":20,"edges":[0,2,2,4,4,6,6,8,8,10,10,12,12,14,14,16,16,18,18,20,20,22,22,24,24,26,26,28,28,30,30,32,32,34,34,36,36,38,38,0],"width":52,"height":76}},"jiao1":{"jiao1":{"type":"mesh","uvs":[1,1,0,1,0,0,1,0],"triangles":[1,2,3,1,3,0],"vertices":[2,19,33.12,-36.71,0.94938,20,-33.91,-14.07,0.05062,1,19,-21.89,-12.74,1,2,19,4.87,48.68,0.4944,20,34.25,44.62,0.5056,1,20,33.08,-15.37,1],"hull":4,"edges":[0,2,2,4,4,6,0,6],"width":60,"height":67}},"jiao2":{"jiao2":{"type":"mesh","uvs":[1,1,0,1,0,0,1,0],"triangles":[1,2,3,1,3,0],"vertices":[1,21,-22.71,1.91,1,2,21,3.45,30.83,0.99999,22,-37.54,-5.22,1.0E-5,1,22,18.76,15.52,1,2,21,21.78,-38.34,0.16202,22,32.25,-21.07,0.83798],"hull":4,"edges":[0,2,2,4,4,6,0,6],"width":39,"height":60}},"shou001":{"shou001":{"type":"mesh","uvs":[1,1,0,1,0,0,1,0],"triangles":[1,2,3,1,3,0],"vertices":[1,55,56.92,5.4,1,1,55,13.99,-51.14,1,1,55,-40.17,-10.02,1,1,55,2.77,46.52,1],"hull":4,"edges":[0,2,2,4,4,6,0,6],"width":71,"height":68},"shou0003":{"type":"mesh","uvs":[1,1,0,1,0,0,1,0],"triangles":[1,2,3,1,3,0],"vertices":[1,53,50.81,23.36,1,1,53,60.35,-25.72,1,1,53,-3.45,-38.12,1,1,53,-13,10.96,1],"hull":4,"edges":[0,2,2,4,4,6,0,6],"width":50,"height":65}},"shou002":{"shou002":{"type":"mesh","uvs":[1,1,0,1,0,0,1,0],"triangles":[1,2,3,1,3,0],"vertices":[1,54,20.55,49.81,1,1,54,57.42,-3.71,1,1,54,-1.05,-43.99,1,1,54,-37.92,9.54,1],"hull":4,"edges":[0,2,2,4,4,6,0,6],"width":65,"height":71}},"shou1":{"shou1":{"type":"mesh","uvs":[0.71834,0.01171,0.61347,0.12085,0.57736,0.31907,0.54297,0.39257,0.36761,0.33021,0.18708,0.3703,0,0.49503,0,0.81798,0.17333,0.92489,0.42434,1,0.69083,1,0.79399,0.9093,0.88511,0.8113,0.9556,0.64425,1,0.43934,1,0.13198,0.95217,0,0.63118,0.75138,0.29035,0.63604,0.79793,0.49988],"triangles":[15,2,1,14,19,15,0,15,1,15,0,16,11,10,17,8,18,9,10,9,17,9,18,17,8,7,18,11,17,12,7,6,18,13,12,19,18,3,17,12,17,19,17,3,19,13,19,14,6,5,18,18,4,3,18,5,4,3,2,19,19,2,15],"vertices":[2,28,-7.87,-14.43,0.01661,27,-1.65,-6.32,0.98339,2,28,-0.27,-15.4,0.15389,27,3.67,-11.84,0.84611,2,28,7.44,-10.83,0.65362,27,12.54,-13.1,0.34638,2,28,11.13,-10,0.89428,27,15.94,-14.76,0.10572,2,28,16.09,-19.1,0.99928,27,14.11,-24.97,7.2E-4,1,28,24.51,-25.28,1,1,28,35.86,-29.15,1,1,28,46.09,-19.28,1,1,28,42.62,-8.9,1,1,28,35.06,3.69,1,1,28,24.52,14.62,1,1,28,17.56,16.09,1,2,28,10.86,16.83,0.99856,27,32.52,6.33,0.00144,2,28,2.78,14.62,0.91606,27,24.84,9.66,0.08394,2,28,-5.47,10.19,0.4758,27,15.63,11.37,0.5242,2,28,-15.21,0.8,3.5E-4,27,2.16,10.14,0.99965,1,27,-3.37,6.9,1,1,28,19,4.58,1,1,28,28.84,-12.92,1,2,28,4.44,3.74,0.97875,27,19.33,0.14,0.02125],"hull":17,"edges":[0,2,2,4,4,6,6,8,8,10,10,12,12,14,14,16,16,18,18,20,20,22,22,24,24,26,26,28,28,30,30,32,32,0],"width":57,"height":44}},"shou2":{"shou2":{"type":"mesh","uvs":[0.6646,0.01038,0.64622,0.1516,0.67379,0.36343,0.69217,0.47641,0.60027,0.48112,0.45322,0.4058,0.3123,0.29753,0.24797,0.13277,0.14994,0.11394,0.04271,0.22221,0,0.57055,0,0.70707,0.16832,0.90007,0.41033,1,0.61559,1,0.69217,0.92831,0.75344,0.88124,0.8576,0.83887,0.94032,0.7918,0.97095,0.70236,1,0.37755,1,0.10453,0.90968,0,0.29176,0.78121,0.17505,0.31264,0.57933,0.76836,0.30109,0.53942],"triangles":[24,8,7,24,7,6,9,8,24,26,24,6,26,6,5,10,9,24,10,24,26,11,10,26,4,26,5,25,26,4,23,11,26,23,26,25,17,25,3,12,11,23,3,25,4,15,25,16,13,23,25,14,13,25,12,23,13,15,14,25,25,17,16,22,1,0,21,1,22,21,2,1,2,21,20,3,2,20,19,3,20,19,17,3,18,17,19],"vertices":[1,24,-5.52,-7.68,1,2,24,0.09,-9.53,0.99911,25,9.24,-22.02,8.9E-4,3,24,8.92,-8.85,0.90505,25,8.68,-13.18,0.07335,26,0.77,-13.31,0.0216,3,24,13.66,-8.26,0.51851,25,8.15,-8.44,0.28222,26,-0.74,-8.78,0.19926,3,24,13.15,-14.03,0.06619,25,13.91,-9.02,0.0826,26,5.02,-8.15,0.8512,1,26,14.49,-10.52,1,1,26,23.68,-14.27,1,1,26,28.24,-20.7,1,1,26,34.46,-21,1,1,26,40.85,-16.06,1,1,26,42.45,-1.61,1,1,26,42.02,3.97,1,1,26,30.85,11.05,1,1,26,15.33,13.97,1,2,25,15.8,12.19,0.17414,26,2.44,12.99,0.82586,2,25,10.62,9.92,0.49973,26,-2.15,9.69,0.50027,2,25,6.54,8.53,0.84881,26,-5.85,7.47,0.15119,3,24,29.67,0.29,0.14602,25,-0.2,7.68,0.85366,26,-12.26,5.24,3.2E-4,2,24,28.38,5.7,0.57312,25,-5.62,6.46,0.42688,2,24,24.97,8.06,0.83041,25,-8.02,3.09,0.16959,1,24,11.97,11.48,1,1,24,0.86,12.83,1,1,24,-4.08,7.7,1,1,26,23.46,5.6,1,1,26,32.26,-13,1,2,25,16.79,2.48,0.02054,26,5.44,3.69,0.97946,1,26,23.63,-4.33,1],"hull":23,"edges":[0,2,2,4,4,6,6,8,8,10,10,12,12,14,14,16,16,18,18,20,20,22,22,24,24,26,26,28,28,30,30,32,32,34,34,36,36,38,38,40,40,42,42,44,44,0],"width":63,"height":41}},"tou":{"tou":{"type":"mesh","uvs":[0.2086,0.14744,0.15699,0.25417,0.09728,0.37078,0.03959,0.51506,0,0.58424,0,0.69097,0,0.7977,0.08147,0.91963,0.20358,0.98542,0.30605,1,0.4436,1,0.58116,1,0.76503,0.95567,0.86801,0.83745,0.87659,0.68927,0.82749,0.57002,0.89674,0.57494,0.96234,0.5657,1,0.54866,1,0.49873,0.96459,0.47232,0.91925,0.408,0.8568,0.35956,0.80377,0.34034,0.76356,0.23343,0.78868,0.18212,0.74102,0.11285,0.69668,0.10744,0.66343,0.12151,0.53815,0,0.434,0,0.32985,0,0.78058,0.42836,0.79125,0.50412,0.88431,0.50392],"triangles":[10,33,15,9,32,33,15,34,16,16,34,17,15,33,34,18,17,19,17,34,20,17,20,19,33,32,34,34,32,21,34,21,20,21,32,22,32,23,22,32,24,23,28,24,1,2,1,32,24,32,1,1,0,28,24,27,26,24,28,27,28,0,30,0,31,30,30,29,28,24,26,25,14,12,11,15,11,10,32,8,3,32,3,2,13,12,14,33,10,9,32,9,8,8,7,5,3,8,5,15,14,11,7,6,5,5,4,3],"vertices":[1,15,42.75,37.55,1,2,14,135.71,9.13,0.01116,15,22.71,36.53,0.98884,3,14,119.75,24.51,0.25664,15,0.55,35.91,0.74336,33,-99.31,-53.76,0,3,14,99.2,40.98,0.82764,15,-25.59,32.76,0.17236,33,-94.67,-79.68,0,3,14,89.94,50.76,0.94876,15,-39.06,33,0.05124,33,-94.13,-93.14,0,3,14,72.63,56.18,0.99631,15,-55.05,24.43,0.00369,33,-84.65,-108.61,0,2,14,55.31,61.6,1,33,-75.17,-124.08,0,2,14,31.49,54.88,1,33,-52.81,-134.69,0,2,14,14.76,38.88,1,33,-29.68,-133.64,0,2,14,7.32,23.38,0.99999,33,-13.88,-126.87,1.0E-5,1,14,0.5,1.59,1,2,14,-6.32,-20.2,0.93089,33,25.06,-103.01,0.06911,1,14,-8.24,-51.58,1,1,14,5.83,-73.9,1,1,14,29.45,-82.78,1,2,15,27.96,-86.93,1.5E-4,33,21.74,-19.32,0.99985,1,33,31.98,-14.03,1,2,14,45.24,-102.64,0.00187,33,40.44,-7,0.99813,1,33,44.26,-1.26,1,1,33,39.83,5.98,1,1,33,32.47,6.73,1,1,33,20.34,12.12,1,1,33,7.2,13.73,1,1,33,-2.02,11.92,1,1,15,73.38,-50.55,1,1,15,83.04,-50.1,1,1,15,89.68,-37.57,1,1,15,87.01,-30.65,1,1,15,82.3,-26.91,1,2,15,90.68,1.18,0.99264,33,-69.84,38.22,0.00736,1,15,82.51,16.41,1,1,15,74.35,31.65,1,1,33,2.52,-2.85,1,1,33,10.76,-12.91,1,2,14,59.14,-93.41,0.01372,33,23.91,-4.81,0.98628],"hull":32,"edges":[0,2,2,4,4,6,6,8,8,10,10,12,12,14,14,16,16,18,18,20,20,22,22,24,24,26,26,28,28,30,30,32,32,34,34,36,36,38,38,40,40,42,42,44,44,46,46,48,48,50,50,52,52,54,54,56,56,58,58,60,60,62,62,0],"width":166,"height":170}},"tou0001":{"tou0001":{"type":"mesh","uvs":[0.24738,1,0.09089,0.93239,0,0.80783,0,0.63223,0.04621,0.43728,0.06951,0.23211,0.1777,0.06768,0.28921,0,0.51723,0,0.61709,0.07496,0.77521,0.22629,0.86176,0.41836,1,0.60461,1,0.77195,0.89671,0.89854,0.64206,1],"triangles":[10,4,9,6,9,5,6,7,9,7,8,9,0,3,4,5,9,4,14,15,11,11,15,4,11,4,10,0,4,15,0,1,3,13,14,12,1,2,3,14,11,12],"vertices":[2,42,0.88,37.34,0.91522,43,-75.38,60.27,0.08478,2,42,12.11,60.22,0.8089,43,-58.25,79.14,0.1911,2,42,32.88,73.54,0.67505,43,-34.6,86.19,0.32495,2,42,62.2,73.62,0.43694,43,-6.4,78.13,0.56306,2,42,94.78,66.95,0.11196,43,23.05,62.7,0.88804,2,42,129.05,63.64,9.8E-4,43,55.06,50.01,0.99902,1,43,77.12,27.28,1,1,43,83.52,8.52,1,2,42,167.98,-1.63,0.0224,43,74.37,-23.49,0.9776,2,42,155.5,-16.24,0.11929,43,58.33,-34.07,0.88071,2,42,130.29,-39.39,0.5806,43,27.69,-49.32,0.4194,2,42,98.24,-52.11,0.96997,43,-6.62,-52.66,0.03003,1,42,67.19,-72.37,1,1,42,39.24,-72.44,1,1,42,18.06,-57.42,1,1,42,1.03,-20.28,1],"hull":16,"edges":[0,2,2,4,4,6,6,8,8,10,10,12,12,14,14,16,16,18,18,20,20,22,22,24,24,26,26,28,28,30,0,30],"width":146,"height":167}},"yanzhu":{"yanzhu":{"type":"mesh","uvs":[1,1,0,1,0,0,1,0],"triangles":[1,2,3,1,3,0],"vertices":[1,37,-3.74,-5.47,1,1,37,-2.66,7.49,1,1,37,12.28,6.24,1,1,37,11.2,-6.72,1],"hull":4,"edges":[0,2,2,4,4,6,0,6],"width":13,"height":15}},"yanzhu001":{"yanzhu001":{"type":"mesh","uvs":[1,1,0,1,0,0,1,0],"triangles":[1,2,3,1,3,0],"vertices":[1,60,-4.89,-5.85,1,1,60,0.17,11.43,1,1,60,15.53,6.93,1,1,60,10.46,-10.35,1],"hull":4,"edges":[0,2,2,4,4,6,0,6],"width":18,"height":16}},"yanzhu002":{"yanzhu002":{"type":"mesh","uvs":[1,1,0,1,0,0,1,0],"triangles":[1,2,3,1,3,0],"vertices":[1,61,-4.7,-3.77,1,1,61,-1.81,9.93,1,1,61,16.78,6,1,1,61,13.89,-7.7,1],"hull":4,"edges":[0,2,2,4,4,6,0,6],"width":14,"height":19}},"yanzhu_1":{"yanzhu_1":{"type":"mesh","uvs":[1,1,0,1,0,0,1,0],"triangles":[1,2,3,1,3,0],"vertices":[1,36,-2.38,-5.96,1,1,36,-0.96,6.96,1,1,36,12.95,5.44,1,1,36,11.54,-7.49,1],"hull":4,"edges":[0,2,2,4,4,6,0,6],"width":13,"height":14}},"yingzi":{"yingzi":{"x":-44.83,"y":-3.09,"rotation":90,"width":145,"height":49}},"yingzi2":{"yingzi":{"x":88.41,"y":-154.17,"rotation":179.81,"width":145,"height":49}}}},"animations":{"animation":{"slots":{"jiao001":{"attachment":[{"time":0,"name":"jiao001"},{"time":0.5,"name":"jiao001"},{"time":0.5333,"name":null}]},"jiao002":{"attachment":[{"time":0,"name":"zuojiao"},{"time":0.5,"name":"zuojiao"},{"time":0.5333,"name":"jiao002"}]},"shou001":{"attachment":[{"time":0,"name":"shou0003"},{"time":0.5,"name":"shou0003"},{"time":0.5333,"name":"shou001"}]},"yingzi":{"attachment":[{"time":0,"name":null},{"time":0.5,"name":"yingzi"}]},"yingzi2":{"attachment":[{"time":0,"name":"yingzi"},{"time":0.4667,"name":"yingzi"},{"time":0.5,"name":null}]}},"bones":{"bone36":{"rotate":[{"time":0,"angle":-40,"curve":"stepped"},{"time":0.1667,"angle":-40,"curve":[0.25,0,0.75,1]},{"time":0.4333,"angle":-44.8,"curve":[0.25,0,0.75,1]},{"time":0.5,"angle":2.4}],"translate":[{"time":0,"x":-877.56,"y":0,"curve":[0.25,0,0.75,1]},{"time":0.1667,"x":-877.57,"y":0,"curve":[0.25,0,0.75,1]},{"time":0.4667,"x":-0.76,"y":0,"curve":"stepped"},{"time":0.5,"x":-0.76,"y":0}]},"bone54":{"rotate":[{"time":0,"angle":-8.4,"curve":"stepped"},{"time":0.1667,"angle":-8.4}]},"bone55":{"rotate":[{"time":0,"angle":-10.8,"curve":"stepped"},{"time":0.1667,"angle":-10.8}]},"bone57":{"rotate":[{"time":0,"angle":-366,"curve":"stepped"},{"time":0.1667,"angle":-366}]},"bone51":{"rotate":[{"time":0,"angle":0,"curve":"stepped"},{"time":0.1667,"angle":0}]},"bone40":{"rotate":[{"time":0,"angle":3.6,"curve":"stepped"},{"time":0.1667,"angle":3.6,"curve":[0.25,0,0.75,1]},{"time":0.5667,"angle":-7.2,"curve":[0.25,0,0.75,1]},{"time":0.8333,"angle":3.6,"curve":[0.25,0,0.75,1]},{"time":1.4,"angle":-4.8,"curve":[0.25,0,0.75,1]},{"time":2,"angle":3.6}]},"bone52":{"rotate":[{"time":0,"angle":-358.8,"curve":"stepped"},{"time":0.1667,"angle":-358.8,"curve":[0.25,0,0.75,1]},{"time":0.5,"angle":1.2,"curve":[0.25,0,0.75,1]},{"time":0.5333,"angle":-349.2,"curve":[0.25,0,0.75,1]},{"time":0.8333,"angle":10.8,"curve":[0.25,0,0.75,1]},{"time":1.4,"angle":6,"curve":[0.25,0,0.75,1]},{"time":2,"angle":10.8}]},"bone38":{"rotate":[{"time":0,"angle":1.2,"curve":"stepped"},{"time":0.1667,"angle":1.2}]},"bone45":{"rotate":[{"time":0,"angle":5.02,"curve":"stepped"},{"time":0.1667,"angle":5.02,"curve":"stepped"},{"time":0.5,"angle":5.02,"curve":[0.25,0,0.75,1]},{"time":1.2333,"angle":15.3,"curve":[0.25,0,0.75,1]},{"time":2,"angle":5.02}]},"bone43":{"rotate":[{"time":0,"angle":5.02,"curve":"stepped"},{"time":0.1667,"angle":5.02,"curve":"stepped"},{"time":0.5,"angle":5.02,"curve":[0.25,0,0.75,1]},{"time":1.2333,"angle":15.3,"curve":[0.25,0,0.75,1]},{"time":2,"angle":5.02}]},"bone46":{"rotate":[{"time":0,"angle":5.02,"curve":"stepped"},{"time":0.1667,"angle":5.02,"curve":"stepped"},{"time":0.5,"angle":5.02,"curve":[0.25,0,0.75,1]},{"time":1.2333,"angle":15.3,"curve":[0.25,0,0.75,1]},{"time":2,"angle":5.02}]},"bone12":{"rotate":[{"time":0,"angle":3.6,"curve":[0.255,0,0.62,0.47]},{"time":0.2,"angle":4.71,"curve":[0.356,0.41,0.729,0.89]},{"time":0.4333,"angle":0.5,"curve":[0.354,0.65,0.688,1]},{"time":0.5333,"angle":-16.79}]},"bone10":{"rotate":[{"time":0,"angle":0,"curve":[0.25,0,0.75,1]},{"time":0.4333,"angle":2.4,"curve":[0.25,0,0.75,1]},{"time":0.4667,"angle":-10.8}]},"bone":{"rotate":[{"time":0.4667,"angle":0,"curve":[0.25,0,0.75,1]},{"time":0.5667,"angle":-21.6}],"translate":[{"time":0,"x":0,"y":0,"curve":[0.252,0,0.622,0.48]},{"time":0.2333,"x":0,"y":7.23,"curve":[0.372,0.48,0.752,1]},{"time":0.4667,"x":0,"y":0,"curve":[0.25,0,0.75,1]},{"time":0.6667,"x":814.65,"y":65.7}]},"bone34":{"translate":[{"time":0,"x":0,"y":0,"curve":[0.25,0,0.75,1]},{"time":0.5,"x":5.75,"y":-3.47,"curve":[0.25,0,0.75,1]},{"time":1,"x":0,"y":0}]},"bone35":{"translate":[{"time":0,"x":0,"y":0,"curve":[0.25,0,0.75,1]},{"time":0.5,"x":4.36,"y":-8.06,"curve":[0.25,0,0.75,1]},{"time":1,"x":0,"y":0}]},"bone21":{"rotate":[{"time":0.4667,"angle":0,"curve":[0.25,0,0.75,1]},{"time":0.5,"angle":-37.2}]},"bone22":{"rotate":[{"time":0.4667,"angle":0,"curve":[0.25,0,0.75,1]},{"time":0.5,"angle":50.4}]},"bone23":{"rotate":[{"time":0,"angle":0,"curve":[0.25,0,0.625,0.5]},{"time":0.2333,"angle":-15.6,"curve":[0.375,0.5,0.75,1]},{"time":0.4667,"angle":0,"curve":[0.25,0,0.75,1]},{"time":0.5,"angle":21.6}]},"bone25":{"rotate":[{"time":0,"angle":0,"curve":[0.25,0,0.625,0.5]},{"time":0.2333,"angle":-10.8,"curve":[0.375,0.5,0.75,1]},{"time":0.4667,"angle":0,"curve":[0.25,0,0.75,1]},{"time":0.5,"angle":21.6}]},"bone24":{"rotate":[{"time":0.4667,"angle":0,"curve":[0.25,0,0.75,1]},{"time":0.5,"angle":-19.2}]},"bone9":{"rotate":[{"time":0,"angle":0,"curve":[0.25,0,0.75,1]},{"time":0.1667,"angle":9.6,"curve":[0.25,0,0.75,1]},{"time":0.3333,"angle":0}]},"bone37":{"rotate":[{"time":0,"angle":0,"curve":"stepped"},{"time":0.1667,"angle":0,"curve":[0.25,0,0.75,1]},{"time":0.5667,"angle":-4.8,"curve":[0.25,0,0.75,1]},{"time":0.6667,"angle":0,"curve":[0.249,0,0.628,0.51]},{"time":1.3667,"angle":4.8,"curve":[0.377,0.51,0.748,1]},{"time":2,"angle":0}]},"bone58":{"translate":[{"time":0,"x":0,"y":0,"curve":"stepped"},{"time":0.5,"x":0,"y":0,"curve":[0.25,0,0.75,1]},{"time":1.0667,"x":2.62,"y":6.12,"curve":[0.25,0,0.75,1]},{"time":2,"x":0,"y":0}]},"bone59":{"translate":[{"time":0,"x":0,"y":0,"curve":"stepped"},{"time":0.5,"x":0,"y":0,"curve":[0.25,0,0.75,1]},{"time":1.0667,"x":-1.96,"y":2.82,"curve":[0.25,0,0.75,1]},{"time":2,"x":0,"y":0}]},"bone15":{"rotate":[{"time":0,"angle":0,"curve":[0.25,0,0.75,1]},{"time":0.2,"angle":9.6,"curve":[0.25,0,0.75,1]},{"time":0.4,"angle":3.6}]},"bone49":{"rotate":[{"time":0.5,"angle":0,"curve":[0.25,0,0.75,1]},{"time":1.1333,"angle":6,"curve":[0.25,0,0.75,1]},{"time":2,"angle":0}]},"bone50":{"rotate":[{"time":0.5,"angle":0,"curve":[0.25,0,0.75,1]},{"time":1.1333,"angle":-8.4,"curve":[0.25,0,0.75,1]},{"time":2,"angle":0}]},"bone53":{"rotate":[{"time":0.8333,"angle":0,"curve":[0.25,0,0.75,1]},{"time":1.4,"angle":15.6,"curve":[0.25,0,0.75,1]},{"time":2,"angle":0}]},"target2":{"translate":[{"time":0,"x":0,"y":0,"curve":"stepped"},{"time":0.4667,"x":0,"y":0,"curve":[0.25,0,0.75,1]},{"time":0.5,"x":54.59,"y":13.65,"curve":[0.25,0,0.75,1]},{"time":0.5667,"x":378.54,"y":33.93,"curve":[0.25,0,0.75,1]},{"time":0.6667,"x":790.19,"y":59.76}]},"target01":{"translate":[{"time":0,"x":0,"y":0,"curve":"stepped"},{"time":0.4667,"x":0,"y":0,"curve":[0.25,0,0.75,1]},{"time":0.5,"x":54.59,"y":13.65,"curve":[0.25,0,0.75,1]},{"time":0.5667,"x":378.54,"y":33.93,"curve":[0.25,0,0.75,1]},{"time":0.6667,"x":790.19,"y":59.76}]},"bone47":{"rotate":[{"time":0.5,"angle":0,"curve":[0.25,0,0.75,1]},{"time":1.2333,"angle":-10.8,"curve":[0.25,0,0.75,1]},{"time":2,"angle":0}]},"bone48":{"rotate":[{"time":0.5333,"angle":0,"curve":[0.25,0,0.75,1]},{"time":1.2333,"angle":-9.6,"curve":[0.25,0,0.75,1]},{"time":2,"angle":0}]}}}}}