{"skeleton":{"hash":"gKswnoh8SxrTiLT1Z5HrU98eMwI","spine":"3.6.53","width":289,"height":284,"images":"D:/下载文件/90421-SPINE effect/ready_frost/"},"bones":[{"name":"root"},{"name":"icebg","parent":"root"},{"name":"light","parent":"root"},{"name":"shockring","parent":"root"}],"slots":[{"name":"icebg","bone":"icebg","color":"ffffff00","attachment":"icebg","blend":"additive"},{"name":"shockring","bone":"shockring","color":"ffffff00","attachment":"shockring","blend":"additive"},{"name":"light","bone":"light","color":"ffffff00","attachment":"light","blend":"additive"}],"skins":{"default":{"icebg":{"icebg":{"width":289,"height":281}},"light":{"light":{"width":287,"height":284}},"shockring":{"shockring":{"width":62,"height":250}}}},"animations":{"animation1":{"slots":{"icebg":{"color":[{"time":0.4,"color":"ffffffff"},{"time":0.6333,"color":"5056ff12"},{"time":0.6667,"color":"434aff00","curve":"stepped"},{"time":0.7,"color":"434aff00"}],"attachment":[{"time":0.4,"name":"icebg"},{"time":0.6333,"name":"icebg"},{"time":0.6667,"name":"icebg"},{"time":0.7,"name":"icebg"}]},"light":{"color":[{"time":0.4,"color":"ffffffff","curve":"stepped"},{"time":0.6333,"color":"ffffffff"},{"time":0.6667,"color":"ffffff00","curve":"stepped"},{"time":0.7,"color":"ffffff00"}],"attachment":[{"time":0.4,"name":"light"},{"time":0.6667,"name":"light"},{"time":0.7,"name":"light"}]},"shockring":{"color":[{"time":0.4,"color":"ffffffff"},{"time":0.5,"color":"ffffffb3"},{"time":0.5667,"color":"ffffff22"},{"time":0.6,"color":"ffffff00","curve":"stepped"},{"time":0.6333,"color":"ffffff00","curve":"stepped"},{"time":0.6667,"color":"ffffff00","curve":"stepped"},{"time":0.7,"color":"ffffff00"}],"attachment":[{"time":0.4,"name":"shockring"},{"time":0.6,"name":"shockring"},{"time":0.6667,"name":"shockring"},{"time":0.7,"name":"shockring"}]}},"bones":{"icebg":{"rotate":[{"time":0.4,"angle":0,"curve":"stepped"},{"time":0.6333,"angle":0,"curve":"stepped"},{"time":0.6667,"angle":0,"curve":"stepped"},{"time":0.7,"angle":0}],"translate":[{"time":0.4,"x":0,"y":0,"curve":"stepped"},{"time":0.6333,"x":0,"y":0,"curve":"stepped"},{"time":0.6667,"x":0,"y":0}],"scale":[{"time":0.4,"x":1,"y":1},{"time":0.6333,"x":1.652,"y":1.652},{"time":0.6667,"x":1.703,"y":1.703,"curve":"stepped"},{"time":0.7,"x":1.703,"y":1.703}]},"light":{"rotate":[{"time":0.4,"angle":0,"curve":"stepped"},{"time":0.6667,"angle":0,"curve":"stepped"},{"time":0.7,"angle":0}],"translate":[{"time":0.4,"x":0,"y":0,"curve":"stepped"},{"time":0.6667,"x":0,"y":0}],"scale":[{"time":0.4,"x":1,"y":1,"curve":[0.761,0,1,0]},{"time":0.4333,"x":2.03,"y":2.03,"curve":[0.258,1,0.395,0.96]},{"time":0.5333,"x":0,"y":0},{"time":0.6667,"x":0.009,"y":0.009,"curve":"stepped"},{"time":0.7,"x":0.009,"y":0.009}]},"shockring":{"rotate":[{"time":0.4,"angle":0,"curve":"stepped"},{"time":0.6,"angle":0,"curve":"stepped"},{"time":0.6667,"angle":0,"curve":"stepped"},{"time":0.7,"angle":0}],"translate":[{"time":0.4,"x":0,"y":0,"curve":"stepped"},{"time":0.6,"x":0,"y":0,"curve":"stepped"},{"time":0.6667,"x":0,"y":0}],"scale":[{"time":0.4,"x":1,"y":1},{"time":0.4333,"x":2.04,"y":2.04,"curve":[0.258,0.6,0.75,1]},{"time":0.5667,"x":2.6,"y":2.6},{"time":0.6,"x":2.68,"y":2.68,"curve":"stepped"},{"time":0.6667,"x":2.68,"y":2.68,"curve":"stepped"},{"time":0.7,"x":2.68,"y":2.68}]},"root":{"rotate":[{"time":0.4,"angle":0,"curve":"stepped"},{"time":0.6333,"angle":0,"curve":"stepped"},{"time":0.6667,"angle":0,"curve":"stepped"},{"time":0.7,"angle":0}],"translate":[{"time":0.4,"x":0,"y":0,"curve":"stepped"},{"time":0.6333,"x":0,"y":0,"curve":"stepped"},{"time":0.6667,"x":0,"y":0}],"scale":[{"time":0.4,"x":1,"y":1,"curve":"stepped"},{"time":0.6333,"x":1,"y":1,"curve":"stepped"},{"time":0.6667,"x":1,"y":1,"curve":"stepped"},{"time":0.7,"x":1,"y":1}]}},"drawOrder":[{"time":0.4},{"time":0.7}]}}}