{"skeleton":{"hash":"RWJBEDDU08OE737dYgMejqMPtR8","spine":"3.6.53","width":402.74,"height":242.4,"images":"D:/下载文件/90421-SPINE effect/shot_wind/"},"bones":[{"name":"root"},{"name":"start","parent":"root","scaleX":0.8,"scaleY":0.8},{"name":"glow_waningmoon","parent":"start"},{"name":"wincutter","parent":"root","scaleX":0.7,"scaleY":0.7},{"name":"windcutter01","parent":"wincutter","length":112.53,"rotation":180,"y":0.07},{"name":"windcutter02","parent":"wincutter","length":112.53,"rotation":180,"y":0.07},{"name":"windcutter03","parent":"wincutter","length":112.53,"rotation":180,"y":0.07},{"name":"windline01","parent":"root","length":134.79,"rotation":180,"x":-44.15,"y":67.05,"scaleY":0.538},{"name":"windline03","parent":"root","length":134.79,"rotation":180,"x":0.77,"y":32.85},{"name":"windline04","parent":"root","length":134.79,"rotation":180,"x":-8.08,"y":20.82,"scaleX":0.67,"scaleY":0.404},{"name":"windline05","parent":"root","length":134.79,"rotation":180,"x":-9.98,"y":-22.85}],"slots":[{"name":"windcutter03","bone":"windcutter03","color":"ffffff00","attachment":"windcutter03"},{"name":"windcutter02","bone":"windcutter02","color":"ffffff00","attachment":"windcutter02"},{"name":"windcutter01","bone":"windcutter01","color":"ffffff00","attachment":"windcutter01"},{"name":"windline01","bone":"windline01","color":"ffffff00","attachment":"windline01"},{"name":"windline05","bone":"windline05","color":"ffffff00","attachment":"windline01"},{"name":"windline03","bone":"windline03","color":"ffffff00","attachment":"windline01"},{"name":"windline04","bone":"windline04","color":"ffffff00","attachment":"windline02"},{"name":"glow-waningmoon","bone":"glow_waningmoon","color":"ffffff00","attachment":"glow-waningmoon"}],"skins":{"default":{"glow-waningmoon":{"glow-waningmoon":{"width":238,"height":303}},"windcutter01":{"windcutter01":{"x":62.97,"rotation":-180,"width":187,"height":237}},"windcutter02":{"windcutter02":{"x":61.49,"rotation":-180,"width":222,"height":289}},"windcutter03":{"windcutter03":{"x":200.24,"rotation":-180,"width":460,"height":246}},"windline01":{"windline01":{"x":111.39,"y":1.67,"rotation":-180,"width":304,"height":16}},"windline03":{"windline01":{"x":111.39,"y":1.67,"rotation":-180,"width":304,"height":16}},"windline04":{"windline02":{"x":125.33,"rotation":-180,"width":281,"height":14}},"windline05":{"windline01":{"x":111.39,"y":1.67,"rotation":-180,"width":304,"height":16}}}},"animations":{"animation1":{"slots":{"glow-waningmoon":{"color":[{"time":0,"color":"ffffff00"},{"time":0.0667,"color":"ffffff70","curve":"stepped"},{"time":0.16,"color":"ffffff7f"},{"time":0.3183,"color":"ffffff63","curve":"stepped"},{"time":0.4667,"color":"ffffff00","curve":"stepped"},{"time":0.5,"color":"ffffff00"}],"attachment":[{"time":0,"name":"glow-waningmoon"},{"time":0.4667,"name":"glow-waningmoon"},{"time":0.5,"name":"glow-waningmoon"}]},"windcutter01":{"color":[{"time":0,"color":"ffffff00","curve":"stepped"},{"time":0.0333,"color":"ffffff00"},{"time":0.065,"color":"ffffff6f","curve":"stepped"},{"time":0.4667,"color":"ffffff64"},{"time":0.5,"color":"ffffff00"}],"attachment":[{"time":0,"name":"windcutter01"},{"time":0.4667,"name":"windcutter01"},{"time":0.5,"name":"windcutter01"}]},"windcutter02":{"color":[{"time":0,"color":"ffffff00","curve":"stepped"},{"time":0.0333,"color":"ffffff00"},{"time":0.065,"color":"ffffff1e","curve":"stepped"},{"time":0.4667,"color":"ffffff1f"},{"time":0.5,"color":"ffffff00"}],"attachment":[{"time":0,"name":"windcutter02"},{"time":0.4667,"name":"windcutter02"},{"time":0.5,"name":"windcutter02"}]},"windcutter03":{"color":[{"time":0,"color":"ffffff00","curve":"stepped"},{"time":0.0333,"color":"ffffff00","curve":"stepped"},{"time":0.1125,"color":"ffffff00"},{"time":0.1916,"color":"ffffffff","curve":"stepped"},{"time":0.4667,"color":"ffffffff"},{"time":0.5,"color":"ffffff00"}],"attachment":[{"time":0,"name":"windcutter03"},{"time":0.4667,"name":"windcutter03"},{"time":0.5,"name":"windcutter03"}]},"windline01":{"color":[{"time":0.1667,"color":"ffffff00","curve":"stepped"},{"time":0.2667,"color":"ffffff00"},{"time":0.3333,"color":"ffffffff","curve":"stepped"},{"time":0.3667,"color":"71cfff00","curve":"stepped"},{"time":0.4333,"color":"71cfff00"}],"attachment":[{"time":0.1667,"name":"windline01"},{"time":0.4333,"name":"windline01"}]},"windline03":{"color":[{"time":0.1667,"color":"ffffff00","curve":"stepped"},{"time":0.3,"color":"ffffff00","curve":"stepped"},{"time":0.3333,"color":"ffffff00"},{"time":0.3667,"color":"ffffffff"},{"time":0.4,"color":"00eeff00","curve":"stepped"},{"time":0.4333,"color":"00eeff00"}],"attachment":[{"time":0.1667,"name":"windline01"},{"time":0.4333,"name":"windline01"}]},"windline04":{"color":[{"time":0.1667,"color":"ffffff00","curve":"stepped"},{"time":0.3333,"color":"ffffff00"},{"time":0.3667,"color":"ffffffff"},{"time":0.4,"color":"00dfff00","curve":"stepped"},{"time":0.4333,"color":"00dfff00"}],"attachment":[{"time":0.1667,"name":"windline02"},{"time":0.4333,"name":"windline02"}]},"windline05":{"color":[{"time":0.1667,"color":"ffffff00","curve":"stepped"},{"time":0.3,"color":"ffffff00"},{"time":0.3333,"color":"ffffffff"},{"time":0.3667,"color":"05bdff00","curve":"stepped"},{"time":0.4333,"color":"05bdff00"}],"attachment":[{"time":0.1667,"name":"windline01"},{"time":0.4333,"name":"windline01"}]}},"bones":{"glow_waningmoon":{"rotate":[{"time":0,"angle":0,"curve":"stepped"},{"time":0.4667,"angle":0,"curve":"stepped"},{"time":0.5,"angle":0}],"translate":[{"time":0,"x":20.71,"y":0},{"time":0.16,"x":-3.52,"y":0,"curve":"stepped"},{"time":0.4667,"x":-3.52,"y":0,"curve":[0.357,0.64,0.692,1]},{"time":0.5,"x":0,"y":0}],"scale":[{"time":0,"x":0.75,"y":0.75},{"time":0.065,"x":0.881,"y":0.793},{"time":0.16,"x":0.881,"y":0.551},{"time":0.4667,"x":0.881,"y":0.881,"curve":"stepped"},{"time":0.5,"x":0.881,"y":0.881}]},"windcutter01":{"rotate":[{"time":0,"angle":0,"curve":"stepped"},{"time":0.4667,"angle":0,"curve":"stepped"},{"time":0.5,"angle":0}],"translate":[{"time":0,"x":0,"y":0,"curve":"stepped"},{"time":0.4667,"x":0,"y":0,"curve":"stepped"},{"time":0.5,"x":0,"y":0}],"scale":[{"time":0,"x":1,"y":1,"curve":"stepped"},{"time":0.4667,"x":1,"y":1,"curve":"stepped"},{"time":0.5,"x":1,"y":1}]},"windline01":{"rotate":[{"time":0.1667,"angle":0,"curve":"stepped"},{"time":0.2,"angle":0,"curve":"stepped"},{"time":0.4333,"angle":0}],"translate":[{"time":0.1667,"x":0,"y":0,"curve":"stepped"},{"time":0.2,"x":0,"y":0},{"time":0.2667,"x":39.15,"y":0,"curve":[0.247,0,0.629,0.52]},{"time":0.3667,"x":-255.84,"y":0,"curve":[0.334,0.33,0.668,0.67]},{"time":0.4333,"x":44.15,"y":0}],"scale":[{"time":0.1667,"x":1,"y":1,"curve":"stepped"},{"time":0.2,"x":1,"y":1},{"time":0.2667,"x":0.248,"y":1},{"time":0.3333,"x":0.739,"y":1},{"time":0.3667,"x":1.05,"y":1,"curve":"stepped"},{"time":0.4333,"x":1.05,"y":1}]},"windcutter02":{"rotate":[{"time":0,"angle":0,"curve":"stepped"},{"time":0.4667,"angle":0,"curve":"stepped"},{"time":0.5,"angle":0}],"translate":[{"time":0,"x":0,"y":0},{"time":0.2075,"x":-10.55,"y":0,"curve":"stepped"},{"time":0.4667,"x":-10.55,"y":0,"curve":"stepped"},{"time":0.5,"x":-10.55,"y":0}],"scale":[{"time":0,"x":1,"y":1},{"time":0.2075,"x":1.565,"y":1.093,"curve":"stepped"},{"time":0.4667,"x":1.565,"y":1.093,"curve":"stepped"},{"time":0.5,"x":1.565,"y":1.093}]},"windcutter03":{"rotate":[{"time":0,"angle":0,"curve":"stepped"},{"time":0.4667,"angle":0,"curve":"stepped"},{"time":0.5,"angle":0}],"translate":[{"time":0,"x":0,"y":0,"curve":"stepped"},{"time":0.4667,"x":0,"y":0,"curve":"stepped"},{"time":0.5,"x":0,"y":0}],"scale":[{"time":0,"x":1,"y":1},{"time":0.1125,"x":0.237,"y":1},{"time":0.1916,"x":0.648,"y":1},{"time":0.4667,"x":1.268,"y":0.508},{"time":0.5,"x":1.336,"y":0.454}]},"windline03":{"rotate":[{"time":0.1667,"angle":0,"curve":"stepped"},{"time":0.2,"angle":0,"curve":"stepped"},{"time":0.4333,"angle":0}],"translate":[{"time":0.1667,"x":0,"y":0,"curve":"stepped"},{"time":0.2,"x":0,"y":0},{"time":0.3,"x":29.22,"y":0,"curve":[0.3,0.22,0.653,0.62]},{"time":0.4,"x":-250.77,"y":0,"curve":[0.359,0.42,0.711,0.82]},{"time":0.4333,"x":-0.77,"y":-18.48}],"scale":[{"time":0.1667,"x":1,"y":1,"curve":"stepped"},{"time":0.2,"x":1,"y":1},{"time":0.3333,"x":0.299,"y":0.299},{"time":0.3667,"x":0.578,"y":0.578,"curve":"stepped"},{"time":0.4333,"x":0.578,"y":0.578}]},"windline04":{"rotate":[{"time":0.1667,"angle":0,"curve":"stepped"},{"time":0.2,"angle":0,"curve":"stepped"},{"time":0.4333,"angle":0}],"translate":[{"time":0.1667,"x":0,"y":0,"curve":"stepped"},{"time":0.2,"x":0,"y":0},{"time":0.2667,"x":31.68,"y":0,"curve":[0.261,0,0.617,0.44]},{"time":0.3333,"x":8.08,"y":-29.46,"curve":[0.342,0.36,0.69,0.74]},{"time":0.4,"x":-291.91,"y":-29.46,"curve":[0.356,0.44,0.692,0.79]},{"time":0.4333,"x":8.08,"y":-29.46}],"scale":[{"time":0.1667,"x":1,"y":1,"curve":"stepped"},{"time":0.2,"x":1,"y":1,"curve":"stepped"},{"time":0.4333,"x":1,"y":1}]},"windline05":{"rotate":[{"time":0.1667,"angle":0,"curve":"stepped"},{"time":0.2,"angle":0,"curve":"stepped"},{"time":0.4333,"angle":0}],"translate":[{"time":0.1667,"x":0,"y":0,"curve":"stepped"},{"time":0.2,"x":0,"y":0},{"time":0.2667,"x":341.43,"y":0,"curve":[0.287,0,0.627,0.37]},{"time":0.3,"x":7.98,"y":0,"curve":[0.3,0.22,0.653,0.62]},{"time":0.3667,"x":-190.01,"y":0,"curve":[0.378,0.52,0.746,1]},{"time":0.4333,"x":9.98,"y":0}],"scale":[{"time":0.1667,"x":1,"y":1,"curve":"stepped"},{"time":0.2,"x":1,"y":1},{"time":0.3,"x":0.2,"y":1},{"time":0.3333,"x":0.799,"y":1},{"time":0.3667,"x":1,"y":0.183,"curve":"stepped"},{"time":0.4333,"x":1,"y":0.183}]},"root":{"rotate":[{"time":0,"angle":0,"curve":"stepped"},{"time":0.1667,"angle":0,"curve":"stepped"},{"time":0.4333,"angle":0}],"translate":[{"time":0,"x":-867.02,"y":-34.82,"curve":"stepped"},{"time":0.1667,"x":-867.02,"y":-34.82,"curve":[0.25,0,0.75,1]},{"time":0.4333,"x":0,"y":0}],"scale":[{"time":0,"x":1.5,"y":1.6,"curve":"stepped"},{"time":0.1667,"x":1.5,"y":1.6,"curve":"stepped"},{"time":0.4333,"x":1.5,"y":1.6}]},"start":{"rotate":[{"time":0.1667,"angle":0,"curve":"stepped"},{"time":0.4333,"angle":0}],"translate":[{"time":0.1667,"x":0,"y":0,"curve":"stepped"},{"time":0.4333,"x":0,"y":0}],"scale":[{"time":0.1667,"x":0.999,"y":0.999,"curve":"stepped"},{"time":0.4333,"x":0.999,"y":0.999}]},"wincutter":{"rotate":[{"time":0.1667,"angle":0,"curve":"stepped"},{"time":0.2,"angle":0,"curve":"stepped"},{"time":0.4333,"angle":0}],"translate":[{"time":0.1667,"x":0,"y":0},{"time":0.2,"x":30,"y":0,"curve":"stepped"},{"time":0.2667,"x":30,"y":0,"curve":"stepped"},{"time":0.3333,"x":30,"y":0,"curve":"stepped"},{"time":0.4333,"x":30,"y":0}],"scale":[{"time":0.1667,"x":1,"y":1,"curve":"stepped"},{"time":0.2,"x":1,"y":1},{"time":0.2667,"x":1.6,"y":0.762},{"time":0.3,"x":1.6,"y":0.79},{"time":0.4333,"x":1,"y":1.112}]}},"drawOrder":[{"time":0},{"time":0.1667},{"time":0.4333}]}}}