{"skeleton":{"hash":"R5/rDi3t7TW7hDjYvUcwowfU9Js","spine":"3.6.53","width":10.8,"height":10.4},"bones":[{"name":"root","scaleX":0.4,"scaleY":0.4},{"name":"bone","parent":"root","x":0.05,"y":48.6},{"name":"bone2","parent":"root","x":0.05,"y":48.6},{"name":"bone3","parent":"root","x":0.05,"y":48.6},{"name":"bone4","parent":"root","x":0.05,"y":48.6},{"name":"bone5","parent":"root","x":0.05,"y":48.6},{"name":"bone6","parent":"root","x":0.05,"y":48.6},{"name":"bone7","parent":"root","x":0.05,"y":48.6},{"name":"bone8","parent":"root","x":0.05,"y":48.6},{"name":"bone9","parent":"root","x":0.05,"y":48.6},{"name":"bone10","parent":"root","x":0.05,"y":48.6}],"slots":[{"name":"coin","bone":"bone","attachment":"coin","blend":"additive"},{"name":"coin10","bone":"bone10","attachment":"coin","blend":"additive"},{"name":"coin5","bone":"bone5","attachment":"coin","blend":"additive"},{"name":"coin6","bone":"bone6","attachment":"coin","blend":"additive"},{"name":"coin4","bone":"bone4","attachment":"coin","blend":"additive"},{"name":"coin9","bone":"bone9","attachment":"coin","blend":"additive"},{"name":"coin3","bone":"bone3","attachment":"coin","blend":"additive"},{"name":"coin7","bone":"bone7","attachment":"coin","blend":"additive"},{"name":"coin8","bone":"bone8","attachment":"coin","blend":"additive"},{"name":"coin2","bone":"bone2","attachment":"coin","blend":"additive"}],"skins":{"default":{"coin":{"coin":{"type":"mesh","uvs":[1,1,0,1,0,0,1,0],"triangles":[1,2,3,1,3,0],"vertices":[1,1,16.53,-11.37,1,1,1,-10.47,-11.37,1,1,1,-10.47,14.63,1,1,1,16.53,14.63,1],"hull":4}},"coin10":{"coin":{"type":"mesh","uvs":[1,1,0,1,0,0,1,0],"triangles":[1,2,3,1,3,0],"vertices":[1,10,16.53,-11.37,1,1,10,-10.47,-11.37,1,1,10,-10.47,14.63,1,1,10,16.53,14.63,1],"hull":4}},"coin2":{"coin":{"type":"mesh","uvs":[1,1,0,1,0,0,1,0],"triangles":[1,2,3,1,3,0],"vertices":[1,2,16.53,-11.37,1,1,2,-10.47,-11.37,1,1,2,-10.47,14.63,1,1,2,16.53,14.63,1],"hull":4}},"coin3":{"coin":{"type":"mesh","uvs":[1,1,0,1,0,0,1,0],"triangles":[1,2,3,1,3,0],"vertices":[1,3,16.53,-11.37,1,1,3,-10.47,-11.37,1,1,3,-10.47,14.63,1,1,3,16.53,14.63,1],"hull":4}},"coin4":{"coin":{"type":"mesh","uvs":[1,1,0,1,0,0,1,0],"triangles":[1,2,3,1,3,0],"vertices":[1,4,16.53,-11.37,1,1,4,-10.47,-11.37,1,1,4,-10.47,14.63,1,1,4,16.53,14.63,1],"hull":4}},"coin5":{"coin":{"type":"mesh","uvs":[1,1,0,1,0,0,1,0],"triangles":[1,2,3,1,3,0],"vertices":[1,5,16.53,-11.37,1,1,5,-10.47,-11.37,1,1,5,-10.47,14.63,1,1,5,16.53,14.63,1],"hull":4}},"coin6":{"coin":{"type":"mesh","uvs":[1,1,0,1,0,0,1,0],"triangles":[1,2,3,1,3,0],"vertices":[1,6,16.53,-11.37,1,1,6,-10.47,-11.37,1,1,6,-10.47,14.63,1,1,6,16.53,14.63,1],"hull":4}},"coin7":{"coin":{"type":"mesh","uvs":[1,1,0,1,0,0,1,0],"triangles":[1,2,3,1,3,0],"vertices":[1,7,16.53,-11.37,1,1,7,-10.47,-11.37,1,1,7,-10.47,14.63,1,1,7,16.53,14.63,1],"hull":4}},"coin8":{"coin":{"type":"mesh","uvs":[1,1,0,1,0,0,1,0],"triangles":[1,2,3,1,3,0],"vertices":[1,8,16.53,-11.37,1,1,8,-10.47,-11.37,1,1,8,-10.47,14.63,1,1,8,16.53,14.63,1],"hull":4}},"coin9":{"coin":{"type":"mesh","uvs":[1,1,0,1,0,0,1,0],"triangles":[1,2,3,1,3,0],"vertices":[1,9,16.53,-11.37,1,1,9,-10.47,-11.37,1,1,9,-10.47,14.63,1,1,9,16.53,14.63,1],"hull":4}}}},"animations":{"animation":{"slots":{"coin":{"color":[{"time":0,"color":"ffffff00","curve":"stepped"},{"time":0.2667,"color":"ffffff00"},{"time":0.3333,"color":"ffad00ff","curve":"stepped"},{"time":0.6333,"color":"ffad00ff"},{"time":0.9,"color":"f5ffafff"},{"time":0.9667,"color":"f5ffaf00"}]},"coin2":{"color":[{"time":0,"color":"ffffff00"},{"time":0.0333,"color":"ffad00ff","curve":"stepped"},{"time":0.2,"color":"ffad00ff"},{"time":0.6333,"color":"f5ffafff"},{"time":0.6667,"color":"f5ffaf00"}]},"coin3":{"color":[{"time":0,"color":"ffffff00"},{"time":0.3333,"color":"ffb71f00"},{"time":0.3667,"color":"ffad00ff","curve":"stepped"},{"time":0.6667,"color":"ffad00ff"},{"time":0.9667,"color":"f5ffafff"},{"time":1,"color":"ffffff00"}]},"coin4":{"color":[{"time":0,"color":"ffffff00"},{"time":0.0667,"color":"ffc75500"},{"time":0.1333,"color":"ffad00ff","curve":"stepped"},{"time":0.3667,"color":"ffad00ff"},{"time":0.7,"color":"f5ffafff"},{"time":0.7667,"color":"f5ffaf00"}]},"coin5":{"color":[{"time":0,"color":"ffad00ff","curve":"stepped"},{"time":0.3333,"color":"ffad00ff"},{"time":0.6,"color":"f5ffafff"},{"time":0.6333,"color":"f5ffaf00"}]},"coin6":{"color":[{"time":0,"color":"ffffff00"},{"time":0.0667,"color":"ffc34700"},{"time":0.1333,"color":"ffad00ff","curve":"stepped"},{"time":0.2667,"color":"ffad00ff"},{"time":0.7,"color":"f5ffafff"},{"time":0.7667,"color":"f5ffaf00"}]},"coin7":{"color":[{"time":0,"color":"ffffff00","curve":"stepped"},{"time":0.3333,"color":"ffffff00"},{"time":0.3667,"color":"ffad00ff","curve":"stepped"},{"time":0.5667,"color":"ffad00ff"},{"time":0.9667,"color":"f5ffafff"},{"time":1,"color":"ffffff00"}]},"coin8":{"color":[{"time":0,"color":"ffffff00"},{"time":0.1667,"color":"ffb31400"},{"time":0.2,"color":"ffad00ff","curve":"stepped"},{"time":0.5333,"color":"ffad00ff"},{"time":0.8,"color":"f5ffafff"},{"time":0.8333,"color":"f5ffaf00"}]},"coin9":{"color":[{"time":0,"color":"ffbc2e00","curve":"stepped"},{"time":0.2667,"color":"ffbc2e00"},{"time":0.3333,"color":"ffad00ff","curve":"stepped"},{"time":0.4667,"color":"ffad00ff"},{"time":0.9,"color":"f5ffafff"},{"time":0.9667,"color":"f5ffaf00"}]},"coin10":{"color":[{"time":0,"color":"ffffff00"},{"time":0.2333,"color":"ffb41600"},{"time":0.2667,"color":"ffad00ff","curve":"stepped"},{"time":0.6,"color":"ffad00ff"},{"time":0.8667,"color":"f5ffafff"},{"time":0.9,"color":"ffffff00"}]}},"bones":{"bone":{"rotate":[{"time":0.3333,"angle":0},{"time":0.9,"angle":179}],"translate":[{"time":0.3333,"x":0,"y":15.79},{"time":0.4667,"x":34.71,"y":16.48},{"time":0.6333,"x":96.65,"y":-0.31},{"time":0.8,"x":157.72,"y":-23.49},{"time":0.9,"x":192.73,"y":-62.46}],"scale":[{"time":0.2667,"x":0,"y":0,"curve":[0.25,0,0.75,1]},{"time":0.3333,"x":0.2,"y":0.2},{"time":0.9,"x":2,"y":2}]},"bone2":{"rotate":[{"time":0.0333,"angle":0},{"time":0.6333,"angle":-179}],"translate":[{"time":0.0333,"x":0,"y":15.79},{"time":0.2667,"x":-8.63,"y":66.76},{"time":0.4667,"x":-52.48,"y":113.96},{"time":0.6333,"x":-96.25,"y":146.28}],"scale":[{"time":0,"x":0,"y":0,"curve":[0.25,0,0.75,1]},{"time":0.0333,"x":0.2,"y":0.2},{"time":0.6333,"x":2.5,"y":2.5}]},"bone3":{"rotate":[{"time":0.3667,"angle":0},{"time":0.9667,"angle":-179}],"translate":[{"time":0.3667,"x":0,"y":15.79},{"time":0.6333,"x":-76.63,"y":-2.97},{"time":0.8,"x":-114.53,"y":-32.41},{"time":0.9667,"x":-134.48,"y":-70.81}],"scale":[{"time":0.3333,"x":0,"y":0,"curve":[0.25,0,0.75,1]},{"time":0.3667,"x":0.2,"y":0.2},{"time":0.9667,"x":3,"y":3}]},"bone4":{"rotate":[{"time":0.1333,"angle":0},{"time":0.7,"angle":179}],"translate":[{"time":0.1333,"x":0,"y":15.79},{"time":0.4,"x":34.1,"y":63.95},{"time":0.5667,"x":55.6,"y":85.58},{"time":0.7,"x":77.1,"y":97.43}],"scale":[{"time":0.0667,"x":0,"y":0,"curve":[0.25,0,0.75,1]},{"time":0.1333,"x":0.2,"y":0.2},{"time":0.7,"x":3,"y":3}]},"bone5":{"rotate":[{"time":0,"angle":0},{"time":0.6,"angle":179}],"translate":[{"time":0,"x":0,"y":15.79},{"time":0.3333,"x":15.09,"y":-53.08},{"time":0.4667,"x":36.34,"y":-93.23},{"time":0.6,"x":58.46,"y":-110.45}],"scale":[{"time":0,"x":0.2,"y":0.2},{"time":0.6,"x":4,"y":4}]},"bone6":{"rotate":[{"time":0.1333,"angle":0},{"time":0.7,"angle":179}],"translate":[{"time":0.1333,"x":0,"y":15.79},{"time":0.4333,"x":-20.07,"y":-70.01},{"time":0.5667,"x":-38.92,"y":-106.05},{"time":0.7,"x":-70.44,"y":-143.77}],"scale":[{"time":0.0667,"x":0,"y":0,"curve":[0.25,0,0.75,1]},{"time":0.1333,"x":0.2,"y":0.2},{"time":0.7,"x":3,"y":3}]},"bone7":{"rotate":[{"time":0.3667,"angle":0},{"time":0.9667,"angle":120}],"translate":[{"time":0.3667,"x":0,"y":15.79},{"time":0.9667,"x":64.44,"y":-84.53}],"scale":[{"time":0.3333,"x":0,"y":0,"curve":[0.25,0,0.75,1]},{"time":0.3667,"x":0.2,"y":0.2},{"time":0.9667,"x":2,"y":2}]},"bone8":{"rotate":[{"time":0.2,"angle":0},{"time":0.8,"angle":120}],"translate":[{"time":0.2,"x":0,"y":15.79},{"time":0.8,"x":154.78,"y":23.34}],"scale":[{"time":0.1667,"x":0,"y":0,"curve":[0.25,0,0.75,1]},{"time":0.2,"x":0.2,"y":0.2},{"time":0.8,"x":4,"y":4}]},"bone9":{"rotate":[{"time":0.3333,"angle":0},{"time":0.9,"angle":-120}],"translate":[{"time":0.3333,"x":0,"y":15.79},{"time":0.6333,"x":4.39,"y":65.27},{"time":0.9,"x":-17.42,"y":128.69}],"scale":[{"time":0,"x":0,"y":0,"curve":"stepped"},{"time":0.2667,"x":0,"y":0,"curve":[0.25,0,0.75,1]},{"time":0.3333,"x":0.2,"y":0.2},{"time":0.9,"x":3,"y":3}]},"bone10":{"rotate":[{"time":0.2667,"angle":0},{"time":0.8667,"angle":179}],"translate":[{"time":0.2667,"x":0,"y":15.79},{"time":0.4,"x":-34.74,"y":-1.37},{"time":0.5667,"x":-94.83,"y":-5.17},{"time":0.7,"x":-139.44,"y":-7.97},{"time":0.8667,"x":-199.17,"y":6.47}],"scale":[{"time":0,"x":0,"y":0,"curve":"stepped"},{"time":0.2333,"x":0,"y":0,"curve":[0.25,0,0.75,1]},{"time":0.2667,"x":0.2,"y":0.2},{"time":0.8667,"x":2,"y":2}]}}}}}