{ "listdata": [{"path": "niuniu/res/Default/", "name": "Button_Disable.png", "md5": "fa79821349dd686f516187283bc2fb8c"}, 
{"path": "niuniu/res/Default/", "name": "CheckBox_Disable.png", "md5": "940e6105cf619f5eba6cc190774b66f9"}, 
{"path": "niuniu/res/Default/", "name": "ImageFile.png", "md5": "8b8ddbe2391511ba6e05d975dd2d9dba"}, 
{"path": "niuniu/res/gui/", "name": "rule.png", "md5": "e925b6147addbd8f57d7b9666f1d2f44"}, 
{"path": "niuniu/res/gui/", "name": "title.png", "md5": "addd39ee6b327fa97329b7c2f304a9a4"}, 
{"path": "niuniu/res/niuniu/bg/", "name": "gui-baccarat-road-bg.png", "md5": "3e9a059530f584444362f9608f3da715"}, 
{"path": "niuniu/res/niuniu/bg/", "name": "gui-tniuniu-back-bg.png", "md5": "8baf3bf94806ef599effd9ba2586ce6f"}, 
{"path": "niuniu/res/niuniu/bg/", "name": "gui-tniuniu-bg.png", "md5": "43a931d597dd7c95f9cdff89a988ea4a"}, 
{"path": "niuniu/res/niuniu/bg/", "name": "gui-tniuniu-entrust-bg.png", "md5": "ba1e5529cdcd712b4d8b8617ac73dda1"}, 
{"path": "niuniu/res/niuniu/bg/", "name": "rule_402.png", "md5": "e925b6147addbd8f57d7b9666f1d2f44"}, 
{"path": "niuniu/res/niuniu/chip/", "name": "game-jetton-1.png", "md5": "73089595cc42f5cf26345e0131cc27e2"}, 
{"path": "niuniu/res/niuniu/chip/", "name": "game-jetton-10.png", "md5": "17b866937891f599598ac03cbbb1cd0d"}, 
{"path": "niuniu/res/niuniu/chip/", "name": "game-jetton-100.png", "md5": "0f1e65aebd2d7132c84461c66983334c"}, 
{"path": "niuniu/res/niuniu/chip/", "name": "game-jetton-1000.png", "md5": "21a2b5e98ac72a6c65655c097a05f878"}, 
{"path": "niuniu/res/niuniu/chip/", "name": "game-jetton-1000w.png", "md5": "a359a4289c2f5279c5bb0becaffb83c7"}, 
{"path": "niuniu/res/niuniu/chip/", "name": "game-jetton-100w.png", "md5": "0702ba66211d3ca28714725a65ec98c4"}, 
{"path": "niuniu/res/niuniu/chip/", "name": "game-jetton-10w.png", "md5": "bdbb08ccb80696b864c0697c4da85ab4"}, 
{"path": "niuniu/res/niuniu/chip/", "name": "game-jetton-1w.png", "md5": "a18a521680f011c2c167b501c756ecba"}, 
{"path": "niuniu/res/niuniu/chip/", "name": "game-jetton-500w.png", "md5": "e7e1bbfb50b74282f393017528791625"}, 
{"path": "niuniu/res/niuniu/", "name": "chip.png", "md5": "d88941831ce58a2c0ad7329f5396568c"}, 
{"path": "niuniu/res/niuniu/effect/errenniuniu4_fapai/", "name": "errenniuniu4_fapai.ExportJson", "md5": "b5626b8012c74899e2d4ef8b362878ab"}, 
{"path": "niuniu/res/niuniu/effect/errenniuniu4_fapai/", "name": "errenniuniu4_fapai0.plist", "md5": "7b3dfea10e8d45627b1c07bc3668fe93"}, 
{"path": "niuniu/res/niuniu/effect/errenniuniu4_fapai/", "name": "errenniuniu4_fapai0.png", "md5": "44b4e4f2478bf50d12c75cd4d6e59c3f"}, 
{"path": "niuniu/res/niuniu/effect/errenniuniu4_touxiang/", "name": "errenniuniu4_touxiang.ExportJson", "md5": "21c6fcd779f5cde5c2c339d3f1c095fa"}, 
{"path": "niuniu/res/niuniu/effect/errenniuniu4_touxiang/", "name": "errenniuniu4_touxiang0.plist", "md5": "303ba6abcba87607c626d026473d939d"}, 
{"path": "niuniu/res/niuniu/effect/errenniuniu4_touxiang/", "name": "errenniuniu4_touxiang0.png", "md5": "1d4bd5437f481835f1cd5e369856b659"}, 
{"path": "niuniu/res/niuniu/effect/errenniuniu4_zhuang/", "name": "errenniuniu4_zhuang.ExportJson", "md5": "457d46644706dd814b0f840600a7d27a"}, 
{"path": "niuniu/res/niuniu/effect/errenniuniu4_zhuang/", "name": "errenniuniu4_zhuang0.plist", "md5": "e4c1b1f20314b16d73912c6daf4447bc"}, 
{"path": "niuniu/res/niuniu/effect/errenniuniu4_zhuang/", "name": "errenniuniu4_zhuang0.png", "md5": "7368bf6318f04b5cd225659927fc7fc1"}, 
{"path": "niuniu/res/niuniu/effect/errenniuniu_beijing/", "name": "errenniuniu_beijing.atlas", "md5": "d259f7c86bd7f2de0b77078b5169e520"}, 
{"path": "niuniu/res/niuniu/effect/errenniuniu_beijing/", "name": "errenniuniu_beijing.json", "md5": "060f97ef2ef4c44869a8143c02b074d1"}, 
{"path": "niuniu/res/niuniu/effect/errenniuniu_beijing/", "name": "errenniuniu_beijing.png", "md5": "729d727ebbed53c92f0a2672df72311d"}, 
{"path": "niuniu/res/niuniu/effect/suchu/", "name": "niuniu_donghua3.atlas", "md5": "4c5d87985bbd69bd80a4f6e7c897c199"}, 
{"path": "niuniu/res/niuniu/effect/suchu/", "name": "niuniu_donghua3.json", "md5": "df673d8b5ddbe939d30b79747d4d960d"}, 
{"path": "niuniu/res/niuniu/effect/suchu/", "name": "niuniu_donghua3.png", "md5": "8f77c9ef50ccd93519ad681b63057250"}, 
{"path": "niuniu/res/niuniu/effect/suchu/", "name": "niuniu_ready_frost.atlas", "md5": "aef48f113eb7e63b91778d434d9ea519"}, 
{"path": "niuniu/res/niuniu/effect/suchu/", "name": "niuniu_ready_frost.json", "md5": "42ccfb2d44272a0a56acf0f48b3b78cf"}, 
{"path": "niuniu/res/niuniu/effect/suchu/", "name": "niuniu_ready_frost.png", "md5": "fb69013e6bd439aa6e7a38af36a6aaed"}, 
{"path": "niuniu/res/niuniu/effect/suchu/", "name": "niuniu_ready_sound.atlas", "md5": "8dbfc2692b499eacc5cbb92d457fe16c"}, 
{"path": "niuniu/res/niuniu/effect/suchu/", "name": "niuniu_ready_sound.json", "md5": "9f64b3ce4c97cc71de923d4a4c235fd6"}, 
{"path": "niuniu/res/niuniu/effect/suchu/", "name": "niuniu_ready_sound.png", "md5": "45333cdfc493105b0095f35d11147f4d"}, 
{"path": "niuniu/res/niuniu/effect/tongbiniuniu4_tuoguan/", "name": "tongbiniuniu4_tuoguan.ExportJson", "md5": "1cd6fb83ad633d489051af91899a90d7"}, 
{"path": "niuniu/res/niuniu/effect/tongbiniuniu4_tuoguan/", "name": "tongbiniuniu4_tuoguan0.plist", "md5": "327d9c193ba645f1654280b5de036a03"}, 
{"path": "niuniu/res/niuniu/effect/tongbiniuniu4_tuoguan/", "name": "tongbiniuniu4_tuoguan0.png", "md5": "2c568e8d7df6b0253fb0b5843d02b761"}, 
{"path": "niuniu/res/niuniu/effect/tongyon_loding/", "name": "tongyon_loding.ExportJson", "md5": "87ea147a440a0f99ac0f6628f594c0a3"}, 
{"path": "niuniu/res/niuniu/effect/tongyon_loding/", "name": "tongyon_loding0.plist", "md5": "f89ed04992dc5bcaa0d4c087babc6b63"}, 
{"path": "niuniu/res/niuniu/effect/tongyon_loding/", "name": "tongyon_loding0.png", "md5": "c332167b802a2afe3058bc833cbd0be0"}, 
{"path": "niuniu/res/niuniu/font/", "name": "erps_1.fnt", "md5": "8485da5eac792cb80c165db930d1216e"}, 
{"path": "niuniu/res/niuniu/font/", "name": "erps_1.png", "md5": "dbfc51717bac8247c0055fba9070771b"}, 
{"path": "niuniu/res/niuniu/font/", "name": "sz_pdk3.fnt", "md5": "a4c8fd352e43b0029a978df560b679f8"}, 
{"path": "niuniu/res/niuniu/font/", "name": "sz_pdk3.png", "md5": "73abe78ca5596137b711802fe9ef9e93"}, 
{"path": "niuniu/res/niuniu/font/", "name": "sz_pdk4.fnt", "md5": "14349b5542d4775d4ab46198012dcaa1"}, 
{"path": "niuniu/res/niuniu/font/", "name": "sz_pdk4.png", "md5": "fee6d8a9b3f6f7de080eae8de4a719ec"}, 
{"path": "niuniu/res/niuniu/font/", "name": "xuanbeishu.fnt", "md5": "29eae796455b1e382a346f2eeb8f45c2"}, 
{"path": "niuniu/res/niuniu/font/", "name": "xuanbeishu.png", "md5": "3810b1052893dbe76ef20630dd54b1e3"}, 
{"path": "niuniu/res/niuniu/", "name": "niuniu_scene.csb", "md5": "add8b4125a779c48903dea2924838d3b"}, 
{"path": "niuniu/res/niuniu/plist/", "name": "gui-poker-1.plist", "md5": "baf500f545936585fb8a32a7f00ebf29"}, 
{"path": "niuniu/res/niuniu/plist/", "name": "gui-poker-1.png", "md5": "8426ef8cbb1a5ed0dcecaaab81dd73b6"}, 
{"path": "niuniu/res/niuniu/plist/", "name": "tniuniu-poker.plist", "md5": "9e404dc187fd1cb2350fa5f6e2ddf2e6"}, 
{"path": "niuniu/res/niuniu/plist/", "name": "tniuniu-poker.png", "md5": "d223bf979229e6234ed97fbe3ac3e1a5"}, 
{"path": "niuniu/res/niuniu/plist/", "name": "twoniuniu.plist", "md5": "f02b1f4cbfc76c47c7d2ffcb184f681e"}, 
{"path": "niuniu/res/niuniu/plist/", "name": "twoniuniu.png", "md5": "04b9ca486baaff0a41c22c30b90ae1c7"}, 
{"path": "niuniu/res/niuniu/", "name": "PokerNode.csb", "md5": "a4a67ebe691078f376a17a15cdf73454"}, 
{"path": "niuniu/res/setting/", "name": "SettingLayer.csb", "md5": "f2bd05ec76323dde85ea026763eddc44"}, 
{"path": "niuniu/res/sound_res/0/", "name": "1.ogg", "md5": "353f6acd49d174f59ba2d2c48416db4d"}, 
{"path": "niuniu/res/sound_res/0/", "name": "10.ogg", "md5": "e1c186b1c09802559525c5ff0c26684f"}, 
{"path": "niuniu/res/sound_res/0/", "name": "11.ogg", "md5": "b1e409178e110e4a158aadf808b0b68e"}, 
{"path": "niuniu/res/sound_res/0/", "name": "12.ogg", "md5": "8b38cd4ed581c4d38911ea2994450d6a"}, 
{"path": "niuniu/res/sound_res/0/", "name": "13.ogg", "md5": "83eb574f95df4843cd734fa015df3c23"}, 
{"path": "niuniu/res/sound_res/0/", "name": "14.ogg", "md5": "0aae53d10fe109e1b8415f2d52c52c36"}, 
{"path": "niuniu/res/sound_res/0/", "name": "15.ogg", "md5": "62f1304ee4b5077773c356fa2c098156"}, 
{"path": "niuniu/res/sound_res/0/", "name": "16.ogg", "md5": "f0d952cf4bfb50bf59cf58099574b978"}, 
{"path": "niuniu/res/sound_res/0/", "name": "17.ogg", "md5": "fa2ee6c19454c1f1bc8f726583d96616"}, 
{"path": "niuniu/res/sound_res/0/", "name": "2.ogg", "md5": "2adeb9968b5d65affe0acdb51146f896"}, 
{"path": "niuniu/res/sound_res/0/", "name": "3.ogg", "md5": "a82761581907c7f8e3dc465f612d8f13"}, 
{"path": "niuniu/res/sound_res/0/", "name": "4.ogg", "md5": "1ecaf5ac038ba779a1e7e062fa4ae93a"}, 
{"path": "niuniu/res/sound_res/0/", "name": "5.ogg", "md5": "bf4cb2c83d161f72af342b24b45ef47f"}, 
{"path": "niuniu/res/sound_res/0/", "name": "6.ogg", "md5": "f4b12d28e389419d0dcc4bd822f31627"}, 
{"path": "niuniu/res/sound_res/0/", "name": "7.ogg", "md5": "8355c60b545b42868ece863c75531932"}, 
{"path": "niuniu/res/sound_res/0/", "name": "8.ogg", "md5": "e668e6ae076c08cb8eaffa652c36d417"}, 
{"path": "niuniu/res/sound_res/0/", "name": "9.ogg", "md5": "6649b3b03473dae57ddae3a8c2dd2ba3"}, 
{"path": "niuniu/res/sound_res/0/emotion/", "name": "1.ogg", "md5": "c037cbcd5cd2306b3b5fdb9b9ee1abf2"}, 
{"path": "niuniu/res/sound_res/0/emotion/", "name": "10.ogg", "md5": "f63ee54bac6e6ab8a1b44a8dce2637a1"}, 
{"path": "niuniu/res/sound_res/0/emotion/", "name": "2.ogg", "md5": "974146995cd8f95fa615af7ac9ecd778"}, 
{"path": "niuniu/res/sound_res/0/emotion/", "name": "3.ogg", "md5": "b3877dc1e0e7c1e0a60b005b495fc0c3"}, 
{"path": "niuniu/res/sound_res/0/emotion/", "name": "4.ogg", "md5": "a6cdc6a4317b23efd26e3a92040e2dfb"}, 
{"path": "niuniu/res/sound_res/0/emotion/", "name": "5.ogg", "md5": "4ec566015c0df84f84cdb3aeb57244ae"}, 
{"path": "niuniu/res/sound_res/0/emotion/", "name": "6.ogg", "md5": "fbea505da405d0f71e56d13b25a85820"}, 
{"path": "niuniu/res/sound_res/0/emotion/", "name": "7.ogg", "md5": "3ef6f5085c9be352f6bff73c06989484"}, 
{"path": "niuniu/res/sound_res/0/emotion/", "name": "8.ogg", "md5": "ea6dc770558fb4898b2ba6cd1f227d2f"}, 
{"path": "niuniu/res/sound_res/0/emotion/", "name": "9.ogg", "md5": "846674b23c629cf4d7efd6b809312332"}, 
{"path": "niuniu/res/sound_res/1/", "name": "1.ogg", "md5": "13aee16d9118d5fb01ce5c02c76d8964"}, 
{"path": "niuniu/res/sound_res/1/", "name": "10.ogg", "md5": "caa45913f579b209353c10cf3ea0b320"}, 
{"path": "niuniu/res/sound_res/1/", "name": "11.ogg", "md5": "aee68d8b032850bcb7023e41e7f0caf5"}, 
{"path": "niuniu/res/sound_res/1/", "name": "12.ogg", "md5": "038415808f96712d1a3424a089dc0921"}, 
{"path": "niuniu/res/sound_res/1/", "name": "13.ogg", "md5": "18572d0e7cb3e88ac41507a145215deb"}, 
{"path": "niuniu/res/sound_res/1/", "name": "14.ogg", "md5": "35c0e4ce554752f4df84a08936baae76"}, 
{"path": "niuniu/res/sound_res/1/", "name": "15.ogg", "md5": "f77642866259e38dfe6ec989ce8c2b67"}, 
{"path": "niuniu/res/sound_res/1/", "name": "16.ogg", "md5": "69cbd1d9c95100a375b8d5247f7b8c92"}, 
{"path": "niuniu/res/sound_res/1/", "name": "17.ogg", "md5": "cee66798c493e39c6d15346184190d59"}, 
{"path": "niuniu/res/sound_res/1/", "name": "2.ogg", "md5": "3a30896923e2f1cf8fdc663bb555439e"}, 
{"path": "niuniu/res/sound_res/1/", "name": "3.ogg", "md5": "c8eaca75ee9c3262e389154b88bf1c11"}, 
{"path": "niuniu/res/sound_res/1/", "name": "4.ogg", "md5": "bee6c3d7d31d28cd76f7c7825486fbf2"}, 
{"path": "niuniu/res/sound_res/1/", "name": "5.ogg", "md5": "6ad4a04cc8a283b649bb88e7eab79d00"}, 
{"path": "niuniu/res/sound_res/1/", "name": "6.ogg", "md5": "184990e55ff010ff7d48762d08c4ea39"}, 
{"path": "niuniu/res/sound_res/1/", "name": "7.ogg", "md5": "467619d6e7a6fa5a407ea16fd362d135"}, 
{"path": "niuniu/res/sound_res/1/", "name": "8.ogg", "md5": "c30c5d98132c2de21f30f84f17061d15"}, 
{"path": "niuniu/res/sound_res/1/", "name": "9.ogg", "md5": "232228208a8c08d5ab5718182b2285d6"}, 
{"path": "niuniu/res/sound_res/1/emotion/", "name": "1.ogg", "md5": "d36db65d71c3cd8c780a890921f0ea65"}, 
{"path": "niuniu/res/sound_res/1/emotion/", "name": "10.ogg", "md5": "44078f41cc1380528e5f2a6fc852a581"}, 
{"path": "niuniu/res/sound_res/1/emotion/", "name": "2.ogg", "md5": "1fc5b860523dfb7f716bea91b9bb8b04"}, 
{"path": "niuniu/res/sound_res/1/emotion/", "name": "3.ogg", "md5": "dbcbd17864f2c7940851eb41fa4e6dd8"}, 
{"path": "niuniu/res/sound_res/1/emotion/", "name": "4.ogg", "md5": "f5bdcb29d675afd2e4bbffb9f5c415f7"}, 
{"path": "niuniu/res/sound_res/1/emotion/", "name": "5.ogg", "md5": "bcfdb4ab00aa4e8cf6e8dc80412bec89"}, 
{"path": "niuniu/res/sound_res/1/emotion/", "name": "6.ogg", "md5": "fa316d188d68ea27a7f7ef8044d9dfaf"}, 
{"path": "niuniu/res/sound_res/1/emotion/", "name": "7.ogg", "md5": "7686ed86c5f006cf91ebb9a334cdb916"}, 
{"path": "niuniu/res/sound_res/1/emotion/", "name": "8.ogg", "md5": "ae61977088bb3ae42668d647b3ab03e6"}, 
{"path": "niuniu/res/sound_res/1/emotion/", "name": "9.ogg", "md5": "5b91e7c20ed76b8d43fb02892cea7f15"}, 
{"path": "niuniu/res/sound_res/", "name": "audio_reminded.mp3", "md5": "4167375de73c1d925c8a878083f67aae"}, 
{"path": "niuniu/res/sound_res/", "name": "audio_reminded.wav", "md5": "5996db45779dfe5868d9da6fa9147233"}, 
{"path": "niuniu/res/sound_res/", "name": "fail.mp3", "md5": "07e22beaff4568bc272120941258f552"}, 
{"path": "niuniu/res/sound_res/", "name": "Man_bujiao.mp3", "md5": "5c75da7f31c5b6b71cdeba082a00c1fe"}, 
{"path": "niuniu/res/sound_res/", "name": "Man_bujiao.wav", "md5": "6015440aecfc34725733042ffeed1856"}, 
{"path": "niuniu/res/sound_res/", "name": "N0_0.mp3", "md5": "cbf0ea6821444cb14cf2afc40848191a"}, 
{"path": "niuniu/res/sound_res/", "name": "N0_1.mp3", "md5": "f8c7aeffedc91606feec56953fa999b4"}, 
{"path": "niuniu/res/sound_res/", "name": "N10_0.mp3", "md5": "94b6c6543a35b265be473e76bf94f76f"}, 
{"path": "niuniu/res/sound_res/", "name": "N10_1.mp3", "md5": "388f0d158f875652928b17aa8293f436"}, 
{"path": "niuniu/res/sound_res/", "name": "N1_0.mp3", "md5": "3571e48eeb3d195cb6acdf63bf4c5e7b"}, 
{"path": "niuniu/res/sound_res/", "name": "N1_1.mp3", "md5": "2a33542aea91f31883db8ca504de92e7"}, 
{"path": "niuniu/res/sound_res/", "name": "N2_0.mp3", "md5": "1bab3037de9f70f012979014b73cba2c"}, 
{"path": "niuniu/res/sound_res/", "name": "N2_1.mp3", "md5": "8cbdca7dd71d95baba88bca7de537725"}, 
{"path": "niuniu/res/sound_res/", "name": "N3_0.mp3", "md5": "441cf7f11e8b402c6b0407c0434a88c7"}, 
{"path": "niuniu/res/sound_res/", "name": "N3_1.mp3", "md5": "6a23218d39f2248a4c6d14ed3e38a309"}, 
{"path": "niuniu/res/sound_res/", "name": "N4_0.mp3", "md5": "f014aeb5131acc30fca1ed74676edc55"}, 
{"path": "niuniu/res/sound_res/", "name": "N4_1.mp3", "md5": "e3c27e1702f548e8043825ab817f87be"}, 
{"path": "niuniu/res/sound_res/", "name": "N5_0.mp3", "md5": "f1da68f706c13dad4dddad93a02b5edc"}, 
{"path": "niuniu/res/sound_res/", "name": "N5_1.mp3", "md5": "7248b51664776edd9f49ce3ddb777f9f"}, 
{"path": "niuniu/res/sound_res/", "name": "N6_0.mp3", "md5": "13cf2325e164accdcf8b226424877cea"}, 
{"path": "niuniu/res/sound_res/", "name": "N6_1.mp3", "md5": "6ca7767dedc4e99cfebdb2e103a9821f"}, 
{"path": "niuniu/res/sound_res/", "name": "N7_0.mp3", "md5": "b1d34af3f40e13159b4ee4f33b8343d6"}, 
{"path": "niuniu/res/sound_res/", "name": "N7_1.mp3", "md5": "7ff05be501dcdfe2599cc8c16d10f8dc"}, 
{"path": "niuniu/res/sound_res/", "name": "N8_0.mp3", "md5": "3b310640942ebe389f8d181823e8543a"}, 
{"path": "niuniu/res/sound_res/", "name": "N8_1.mp3", "md5": "90971ff3069bebc065ef3a1470613e17"}, 
{"path": "niuniu/res/sound_res/", "name": "N9_0.mp3", "md5": "bade0478dc3121e76c6bfb057ca13656"}, 
{"path": "niuniu/res/sound_res/", "name": "N9_1.mp3", "md5": "d29e003b31fd60736a0ed63b8288e2f2"}, 
{"path": "niuniu/res/sound_res/", "name": "OX_12.mp3", "md5": "1c0cbf500e013df0c997235849054e64"}, 
{"path": "niuniu/res/sound_res/", "name": "sound-banker.mp3", "md5": "59b226ab2538e376e46ab609c3d47ecf"}, 
{"path": "niuniu/res/sound_res/", "name": "sound-fapai.mp3", "md5": "6d4e18b2c8bcc6a5d1054b2b6f6d3cfc"}, 
{"path": "niuniu/res/sound_res/", "name": "sound-jetton.mp3", "md5": "825dbbd3f4c0e8ce0c38fe69297a8b91"}, 
{"path": "niuniu/res/sound_res/", "name": "sound-ready.mp3", "md5": "1155e80a52bd0ec5068c3126c36511bb"}, 
{"path": "niuniu/res/sound_res/", "name": "sound-star.mp3", "md5": "dc23a9447f71b5b7100cfffddf374cb4"}, 
{"path": "niuniu/res/sound_res/", "name": "sound-tie.mp3", "md5": "e4981d1ac9ea3f797618616b159667fb"}, 
{"path": "niuniu/res/sound_res/", "name": "table_music.mp3", "md5": "a5ead4c447c1ddac6b76441830f352c7"}, 
{"path": "niuniu/res/sound_res/", "name": "win.mp3", "md5": "1cb3b6348f45a70fc63b022a2d467674"}, 
{"path": "niuniu/res/sound_res/", "name": "Woman_bujiao.mp3", "md5": "82446cecf0e6180ac0d2df2a9b615e3b"}, 
{"path": "niuniu/res/sound_res/", "name": "Woman_bujiao.wav", "md5": "cdbf8927582c132396ecf880bd3c42f1"}, 
{"path": "niuniu/src/models/", "name": "CMD_Game.luac", "md5": "b79cad95b97404bf9d0cdc295d60f5ab"}, 
{"path": "niuniu/src/models/", "name": "Define.luac", "md5": "d45249e386ee3e9f6f2c3351c38d4901"}, 
{"path": "niuniu/src/models/", "name": "GameLogic.luac", "md5": "d7ccf38cc5005353c9f011042a1bd43d"}, 
{"path": "niuniu/src/models/", "name": "playerModel.luac", "md5": "8d65567bdc732f405a3bdef8c8b68d07"}, 
{"path": "niuniu/src/views/", "name": "GameLayer.luac", "md5": "ac6e1d28eccd608405097a1ea02be32a"}, 
{"path": "niuniu/src/views/", "name": "GameRoomLayer.luac", "md5": "d0d37d7775681c190ba68d43d4d39446"}, 
{"path": "niuniu/src/views/layer/gamecard/", "name": "CardsNode.luac", "md5": "9bf8b7cb6a0f39de54ee2a4fdeed0c7a"}, 
{"path": "niuniu/src/views/layer/gamecard/", "name": "CardSprite.luac", "md5": "d2ef19514d324186e7c66fcbb7c70652"}, 
{"path": "niuniu/src/views/layer/", "name": "GameResultLayer.luac", "md5": "139fec1729a19b7b377edb558dab6852"}, 
{"path": "niuniu/src/views/layer/", "name": "GameRoleItem.luac", "md5": "1dcb795c27b850ed808a3d16c2edde2d"}, 
{"path": "niuniu/src/views/layer/", "name": "GameViewLayer.luac", "md5": "bd60d5de623b755ae755dd8e30664af5"}, 
{"path": "niuniu/src/views/layer/", "name": "Poker.luac", "md5": "e5fffd8c6b9f67cdde0640939fcab020"}, 
{"path": "niuniu/src/views/layer/", "name": "ProgressNode.luac", "md5": "a733f45a1bc5bda8d66b4bea6f174508"}, 
{"path": "niuniu/src/views/layer/", "name": "SettingLayer.luac", "md5": "e852738a31813f8efcf0bb8dcbf61fb2"}, 
{"path": "niuniu/src/views/", "name": "RoomLayer.luac", "md5": "49b8b85a826aa170dc52be29c4a7eb81"}, 
{"allcount": 171}]}