{"skeleton":{"hash":"ZMfwkcZucqM48K3cgIQY1g9Hj9w","spine":"3.6.52","width":1629.15,"height":503.62,"images":"./images/"},"bones":[{"name":"root"},{"name":"zhuguang","parent":"root","length":12.91,"rotation":111.6,"x":-605.4,"y":223.47},{"name":"glow","parent":"zhuguang","x":39.32,"y":14.31,"scaleX":3,"scaleY":3},{"name":"glow2","parent":"root","rotation":54,"x":-179.7,"y":349.8,"scaleX":1.5,"scaleY":1.5},{"name":"mao","parent":"root","x":364.99,"y":273.32,"scaleX":1.25,"scaleY":1.25,"color":"ff0000ff"},{"name":"mao2","parent":"mao","length":1,"rotation":34.24,"x":29.58,"y":27.14,"color":"ff0000ff"},{"name":"maowei","parent":"mao","length":15,"rotation":-56.5,"x":-19.5,"y":-0.7,"scaleX":0.9,"scaleY":0.9},{"name":"maowei2","parent":"maowei","length":14.25,"rotation":38.91,"x":15.81,"y":0.74,"scaleX":1.023},{"name":"maowei3","parent":"maowei2","length":15.58,"rotation":24.32,"x":14.93,"y":0.38,"scaleX":1.039},{"name":"nihongdeng2","parent":"root","x":671.33,"y":323.7},{"name":"nvren","parent":"root","x":-737.25,"y":321.04,"color":"ffdc00ff"},{"name":"yinying","parent":"root","length":93.99,"rotation":172.5,"x":-630.33,"y":206.94,"scaleX":2,"scaleY":2,"color":"42ff00ff"},{"name":"zhuguang2","parent":"zhuguang","length":17.07,"rotation":-8.48,"x":12.79,"y":0.05}],"slots":[{"name":"errenniuniu4_nihongdeng","bone":"nvren","color":"9e9e9eff","attachment":"errenniuniu4_nihongdeng","blend":"additive"},{"name":"errenniuniu4_neishi","bone":"root","attachment":"errenniuniu4_neishi"},{"name":"errenniuniu4_yinying","bone":"yinying","attachment":"errenniuniu4_yinying"},{"name":"errenniuniu4_jiuping","bone":"root","attachment":"errenniuniu4_jiuping"},{"name":"errenniuniu4_weiba","bone":"maowei","attachment":"errenniuniu4_weiba"},{"name":"errenniuniu4_mao","bone":"mao","attachment":"errenniuniu4_mao"},{"name":"errenniuniu4_lazhu","bone":"root","attachment":"errenniuniu4_lazhu"},{"name":"errenniuniu4_nihongdeng2","bone":"nihongdeng2","color":"ffffff4b","blend":"additive"},{"name":"errenniuniu4_nihongdeng3","bone":"nihongdeng2","color":"ffffff86","attachment":"errenniuniu4_nihongdeng2","blend":"additive"},{"name":"errenniuniu4_zhuguang","bone":"zhuguang","attachment":"errenniuniu4_zhuguang","blend":"additive"},{"name":"errenniuniu4_pijiubei","bone":"root","attachment":"errenniuniu4_pijiubei"},{"name":"errenniuniu4_pijiu","bone":"root","attachment":"errenniuniu4_pijiu"},{"name":"errenniuniu4_glow","bone":"glow","attachment":"errenniuniu4_glow","blend":"additive"},{"name":"errenniuniu4_glow2","bone":"glow2","attachment":"errenniuniu4_glow","blend":"additive"},{"name":"errenniuniu4_zzz","bone":"mao2","color":"ffffffbf","attachment":"errenniuniu4_zzz","blend":"additive"},{"name":"errenniuniu4_zzz2","bone":"mao2","color":"ffffff83","attachment":"errenniuniu4_zzz","blend":"additive"},{"name":"errenniuniu4_zzz3","bone":"mao2","color":"ffffff4f","attachment":"errenniuniu4_zzz","blend":"additive"}],"skins":{"default":{"errenniuniu4_glow":{"errenniuniu4_glow":{"width":90,"height":81}},"errenniuniu4_glow2":{"errenniuniu4_glow":{"width":90,"height":81}},"errenniuniu4_jiuping":{"errenniuniu4_jiuping":{"x":-653.26,"y":262.3,"width":167,"height":183}},"errenniuniu4_lazhu":{"errenniuniu4_lazhu":{"x":-587.02,"y":211.28,"width":92,"height":93}},"errenniuniu4_mao":{"errenniuniu4_mao":{"x":2.05,"y":6.24,"width":54,"height":43}},"errenniuniu4_neishi":{"errenniuniu4_neishi":{"x":0.7,"y":155.5,"scaleX":2,"scaleY":2,"width":811,"height":219}},"errenniuniu4_nihongdeng":{"errenniuniu4_nihongdeng":{"x":16.86,"y":10.7,"width":90,"height":83}},"errenniuniu4_nihongdeng2":{"errenniuniu4_nihongdeng2":{"x":-6.71,"y":-31.08,"width":293,"height":165}},"errenniuniu4_nihongdeng3":{"errenniuniu4_nihongdeng2":{"x":-12.38,"y":-30.45,"width":293,"height":165}},"errenniuniu4_pijiu":{"errenniuniu4_pijiu":{"type":"mesh","uvs":[0,0.17476,0,0.587,0.15312,0.55479,0.19234,0.91872,0.28713,0.8382,0.30674,0.52581,0.47998,0.55801,0.51594,0.68361,0.54209,0.9477,0.60092,0.99923,0.78397,0.9638,0.9474,0.57089,0.96374,0.368,0.89837,0.13933,0.70552,0.05882,0.46037,0.31003,0.2904,0.26494,0.1858,0.11357,0.03218,0.09747,0.17289,0.22845],"triangles":[19,18,17,0,18,19,19,17,16,5,16,15,19,1,0,2,19,16,2,16,5,15,12,6,5,15,6,13,15,14,12,15,13,11,6,12,2,1,19,7,6,11,4,2,5,3,2,4,10,8,7,11,10,7,9,8,10],"vertices":[508.46,303.37,508.46,275.34,518.72,277.53,521.35,252.78,527.7,258.25,529.01,279.5,540.62,277.31,543.03,268.77,544.78,250.81,548.72,247.3,560.99,249.71,571.94,276.43,573.03,290.23,568.65,305.78,555.73,311.25,539.31,294.17,527.92,297.24,520.91,307.53,510.62,308.62,520.04,299.72],"hull":19,"edges":[0,2,2,4,4,6,6,8,8,10,10,12,12,14,14,16,16,18,18,20,20,22,22,24,24,26,26,28,28,30,30,32,32,34,34,36,0,36,16,20,14,22,12,30,10,32,12,24,4,10,0,38,38,32,34,38,38,4],"width":67,"height":68}},"errenniuniu4_pijiubei":{"errenniuniu4_pijiubei":{"type":"mesh","uvs":[0.40523,1,0.60055,0.99806,0.73668,0.84822,0.90241,0.77906,0.97936,0.53701,0.92017,0.46017,0.94385,0.30264,0.83201,0.22329,0.68933,0.12206,0.34012,0.11438,0.14227,0.1874,0.03825,0.2258,0.0357,0.3689,0.02899,0.74571,0.02642,0.89048,0.12112,0.95195,0.29003,0.39514,0.85213,0.39212,0.61274,0.42844,0.20156,0.77071,0.47448,0.81024,0.64074,0.31644,0.3065,0.30279],"triangles":[22,10,9,21,9,8,21,8,7,22,9,21,17,7,6,21,7,17,11,10,16,16,12,11,10,22,16,18,22,21,18,21,17,16,22,18,5,17,6,18,17,5,19,13,12,16,19,12,3,18,5,3,5,4,20,16,18,2,20,18,19,16,20,3,2,18,14,13,19,15,14,19,1,20,2,0,19,20,0,20,1,15,19,0],"vertices":[532.47,218.59,546.93,218.82,557,235.9,569.27,243.78,574.96,271.38,570.58,280.14,572.33,298.09,564.05,307.14,553.5,318.68,527.66,319.56,513.01,311.23,505.32,306.85,505.13,290.54,504.63,247.58,504.44,231.08,511.45,224.07,523.95,287.55,565.54,287.89,547.83,283.75,517.4,244.73,537.6,240.23,549.9,296.52,525.17,298.08],"hull":16,"edges":[0,2,2,4,4,6,6,8,8,10,10,12,16,18,28,30,0,30,26,28,22,24,24,26,32,24,22,32,12,34,10,36,36,32,34,36,38,26,32,38,38,30,4,40,40,38,0,40,40,36,16,42,42,36,34,42,18,44,44,32,42,44,18,20,20,22,44,20,12,14,14,16,42,14],"width":74,"height":114}},"errenniuniu4_weiba":{"errenniuniu4_weiba":{"type":"mesh","uvs":[0.12029,0,0.02468,0.0227,0.01078,0.24613,0.09218,0.49836,0.28598,0.75323,0.53371,0.91493,0.83431,0.8693,0.99224,0.65987,0.94533,0.45996,0.67384,0.51853,0.4998,0.48896,0.3636,0.3432,0.2554,0.1212,0.2072,0.01724,0.82676,0.69645,0.60805,0.704,0.42352,0.63367,0.296,0.52418,0.17015,0.26726],"triangles":[15,10,9,14,9,8,14,8,7,15,9,14,6,14,7,6,5,15,6,15,14,5,16,15,16,10,15,17,11,10,4,3,17,16,17,10,4,17,16,4,16,5,11,17,18,0,2,1,0,12,18,12,0,13,18,2,0,18,12,11,3,2,18,17,3,18],"vertices":[1,6,-2.37,2.97,1,1,6,-4.44,-1.39,1,1,6,0.76,-5.67,1,2,6,9.32,-6.45,0.912,7,-9.35,-1.52,0.088,2,6,21.04,-2.59,0.1264,7,1.94,-5.88,0.8736,2,7,14.91,-6.76,0.77266,8,-2.84,-6.5,0.22734,1,8,11.41,-6.78,1,1,8,19.55,-1.41,1,1,8,18.07,4.78,1,2,7,17.93,6.7,0.216,8,5.14,4.52,0.784,2,7,9.56,4.91,0.87494,8,-2.92,6.34,0.12506,2,6,12.93,7.44,0.32473,7,1.92,7.02,0.67527,1,6,4.39,6.6,1,2,6,0.46,6.31,0.99863,7,-8.26,13.98,0.00137,1,8,11.67,-1.6,1,2,7,16.51,0.4,0.2356,8,1.39,-0.64,0.7644,2,7,7.29,-0.38,0.832,8,-7.01,2.45,0.168,2,6,15.59,1.62,0.2077,7,0.37,0.82,0.7923,2,6,5.69,0.63,0.99792,7,-7.77,6.27,0.00208],"hull":14,"edges":[2,4,4,6,6,8,8,10,10,12,12,14,14,16,16,18,18,20,20,22,22,24,24,26,12,28,28,16,14,28,10,30,30,18,28,30,8,32,32,20,30,32,6,34,34,22,32,34,4,36,36,24,34,36,2,0,0,26,36,0],"width":50,"height":30}},"errenniuniu4_yinying":{"errenniuniu4_yinying":{"x":40.41,"y":-3.85,"rotation":-172.5,"width":108,"height":63}},"errenniuniu4_zhuguang":{"errenniuniu4_zhuguang":{"type":"mesh","uvs":[0.80969,0.96729,0.96247,0.79943,0.95553,0.48515,0.81986,0.37291,0.63608,0.22086,0.24719,0.003,0,0,0,0.353,0,0.603,0.08053,0.828,0.39997,0.97086,0.72567,0.8716,0.55109,0.64362,0.39336,0.4926,0.26431,0.29809],"triangles":[8,14,13,8,7,14,13,4,3,13,14,4,7,6,14,6,5,14,14,5,4,9,8,13,9,13,12,10,11,0,10,12,11,10,9,12,0,11,1,1,11,2,11,12,2,12,3,2,12,13,3],"vertices":[1,1,-1.71,-0.93,1,2,1,2.74,-5.65,0.88366,12,-9.1,-7.12,0.11634,2,1,13.01,-9.59,0.53597,12,1.64,-9.49,0.46403,2,1,17.56,-8.76,0.45856,12,6.02,-8.01,0.54144,2,1,23.73,-7.64,0.104,12,11.95,-5.99,0.896,1,12,20.97,-0.91,1,1,12,22.08,3.4,1,2,1,23.64,4.7,0.096,12,10.05,6.21,0.904,2,1,15.5,7.92,0.41972,12,1.52,8.19,0.58028,2,1,7.65,9.47,0.46703,12,-6.47,8.57,0.53297,2,1,0.88,5.97,0.91189,12,-12.65,4.1,0.08811,1,1,1.96,-0.76,1,2,1,10.53,-0.78,0.552,12,-2.11,-1.15,0.448,2,1,16.49,-0.08,0.49052,12,3.68,0.42,0.50948,2,1,23.68,-0.43,0.08,12,10.84,1.14,0.92],"hull":11,"edges":[0,2,2,4,8,10,10,12,12,14,14,16,16,18,18,20,0,20,4,6,6,8,2,22,22,20,0,22,4,24,24,18,22,24,6,26,26,16,24,26,8,28,28,14,26,28,28,12],"width":18,"height":35}},"errenniuniu4_zzz":{"errenniuniu4_zzz":{"x":3.81,"y":0.67,"scaleX":1.1,"scaleY":1.1,"rotation":-34.24,"width":13,"height":10}},"errenniuniu4_zzz2":{"errenniuniu4_zzz":{"x":17.29,"y":-0.89,"scaleX":0.9,"scaleY":0.9,"rotation":-34.24,"width":13,"height":10}},"errenniuniu4_zzz3":{"errenniuniu4_zzz":{"x":31.68,"y":-1.34,"scaleX":0.7,"scaleY":0.7,"rotation":-34.24,"width":13,"height":10}}}},"animations":{"animation":{"slots":{"errenniuniu4_glow2":{"color":[{"time":0,"color":"ffffffa2"},{"time":0.6667,"color":"ffffff77"},{"time":1.3333,"color":"ffffffa2"}]},"errenniuniu4_nihongdeng2":{"color":[{"time":0,"color":"ffffff7e"},{"time":0.3333,"color":"f888ff86"},{"time":1,"color":"55ffed89"},{"time":1.3333,"color":"ffffff82"}]},"errenniuniu4_nihongdeng3":{"color":[{"time":0,"color":"ffffffff"},{"time":0.3333,"color":"f988ffff"},{"time":1,"color":"56ffeeff"},{"time":1.3333,"color":"ffffffff"}]},"errenniuniu4_zzz":{"attachment":[{"time":0,"name":null},{"time":0.3333,"name":null},{"time":0.3667,"name":"errenniuniu4_zzz"}]},"errenniuniu4_zzz2":{"attachment":[{"time":0,"name":null},{"time":0.6667,"name":null},{"time":0.7,"name":"errenniuniu4_zzz"}]},"errenniuniu4_zzz3":{"attachment":[{"time":0,"name":null},{"time":1,"name":null},{"time":1.0333,"name":"errenniuniu4_zzz"}]}},"bones":{"zhuguang":{"rotate":[{"time":0,"angle":0},{"time":0.6667,"angle":20.44},{"time":1.3333,"angle":0}],"scale":[{"time":0,"x":1,"y":1},{"time":0.6667,"x":1.218,"y":1.218},{"time":1.3333,"x":1,"y":1}]},"zhuguang2":{"rotate":[{"time":0,"angle":0},{"time":0.6667,"angle":14.95},{"time":1.3333,"angle":0}]},"maowei2":{"rotate":[{"time":0,"angle":-10.85},{"time":0.6667,"angle":-6.37},{"time":1.3333,"angle":-10.85}]},"maowei3":{"rotate":[{"time":0,"angle":-20.87},{"time":0.6667,"angle":8.44},{"time":1.3333,"angle":-20.87}]},"mao":{"scale":[{"time":0,"x":1,"y":1},{"time":0.6667,"x":1.02,"y":1.02},{"time":1.3333,"x":1,"y":1}]},"yinying":{"rotate":[{"time":0,"angle":0},{"time":0.6667,"angle":4.93},{"time":1.3333,"angle":0}],"scale":[{"time":0,"x":1,"y":1},{"time":0.6667,"x":1.02,"y":1},{"time":1.3333,"x":1,"y":1}]},"maowei":{"rotate":[{"time":0,"angle":-49.25},{"time":0.6667,"angle":-41.38},{"time":1.3333,"angle":-49.25}],"scale":[{"time":0,"x":1,"y":1},{"time":0.6667,"x":1.067,"y":1},{"time":1.3333,"x":1,"y":1}]},"mao2":{"rotate":[{"time":0,"angle":0},{"time":0.6667,"angle":0.18},{"time":1.3333,"angle":0}],"scale":[{"time":0,"x":1,"y":1,"curve":"stepped"},{"time":1.3333,"x":1,"y":1}]}},"deform":{"default":{"errenniuniu4_pijiu":{"errenniuniu4_pijiu":[{"time":0,"offset":29,"vertices":[0.87598]},{"time":0.6667,"offset":17,"vertices":[-7.23999,0,-13.75598,0,0,0,0,0,0,0,0.88803,0,0.87598]},{"time":1.3333,"offset":29,"vertices":[0.87598]}]},"errenniuniu4_pijiubei":{"errenniuniu4_pijiubei":[{"time":0,"offset":17,"vertices":[0.26797]},{"time":0.6667,"offset":14,"vertices":[2.41205,-2.29602,0,0.26797,0,2.16003,0,0.02402,0,0,0,0,0,0,0,0,0,0,0,0,0,0,0,0,0,0,0,0,0,4.01999,3.99597,5.09198]},{"time":1.3333,"offset":17,"vertices":[0.26797]}]}}}}}}