{"skeleton":{"hash":"XVsBjalGHDqFY+Bc+HoXI6V3r4k","spine":"3.6.53","width":1180.32,"height":136,"images":"./images/"},"bones":[{"name":"root","x":3.62,"y":3.62},{"name":"bone","parent":"root","x":195.26},{"name":"di","parent":"root"},{"name":"kaishi","parent":"root"},{"name":"tingzhi","parent":"root"}],"slots":[{"name":"longhudazhan4_zidi","bone":"di","attachment":"longhudazhan4_zidi"},{"name":"longhudazhan4_kaishi","bone":"kaishi","attachment":"longhudazhan4_kaishi"},{"name":"longhudazhan4_tingzhi","bone":"tingzhi","attachment":"longhudazhan4_tingzhi"},{"name":"longhudazhan4_guangshu","bone":"bone","color":"fff1aeff","attachment":"longhudazhan4_guangshu","blend":"additive"},{"name":"longhudazhan4_guangshu2","bone":"bone","color":"fff1ae4d","attachment":"longhudazhan4_guangshu","blend":"additive"}],"skins":{"default":{"longhudazhan4_guangshu":{"longhudazhan4_guangshu":{"x":-307.58,"scaleX":2,"scaleY":2,"rotation":180,"width":500,"height":62}},"longhudazhan4_guangshu2":{"longhudazhan4_guangshu":{"x":-307.58,"scaleX":2,"scaleY":2,"rotation":180,"width":500,"height":62}},"longhudazhan4_kaishi":{"longhudazhan4_kaishi":{"width":653,"height":135}},"longhudazhan4_tingzhi":{"longhudazhan4_tingzhi":{"width":641,"height":125}},"longhudazhan4_zidi":{"longhudazhan4_zidi":{"width":1136,"height":136}}}},"animations":{"animation1":{"slots":{"longhudazhan4_guangshu":{"color":[{"time":0,"color":"ffd9b8ff","curve":"stepped"},{"time":0.3333,"color":"ffd9b8ff"},{"time":0.4333,"color":"ffd9b800","curve":"stepped"},{"time":0.5667,"color":"ffd9b800"},{"time":1,"color":"ffd9b8ff"}]},"longhudazhan4_guangshu2":{"color":[{"time":0,"color":"ffd9b860"},{"time":0.3333,"color":"ffd9b856"},{"time":0.4333,"color":"ffd9b800","curve":"stepped"},{"time":0.5667,"color":"ffd9b800"},{"time":1,"color":"ffd9b85b"}]},"longhudazhan4_kaishi":{"color":[{"time":0,"color":"ffffff00"},{"time":0.3333,"color":"ffffffff","curve":"stepped"},{"time":0.6667,"color":"ffffffff"},{"time":1,"color":"ffffff00"}]},"longhudazhan4_tingzhi":{"color":[{"time":0,"color":"ffffff00"},{"time":0.3333,"color":"ffffffff","curve":"stepped"},{"time":0.6667,"color":"ffffffff"},{"time":1,"color":"ffffff00"}],"attachment":[{"time":0,"name":null}]},"longhudazhan4_zidi":{"color":[{"time":0,"color":"ffffff00"},{"time":0.3333,"color":"ffffffff","curve":"stepped"},{"time":0.6667,"color":"ffffffff"},{"time":1,"color":"ffffff00"}]}},"bones":{"kaishi":{"translate":[{"time":0,"x":-1180.93,"y":0},{"time":0.3333,"x":-42.88,"y":0},{"time":0.6667,"x":49.01,"y":0},{"time":1,"x":1140.25,"y":0}]},"di":{"translate":[{"time":0,"x":0,"y":0}]},"bone":{"translate":[{"time":0,"x":-1371.82,"y":0},{"time":0.3333,"x":0,"y":0},{"time":0.6667,"x":53.57,"y":0},{"time":1,"x":1301.5,"y":0}],"scale":[{"time":0,"x":0.8,"y":1},{"time":0.3333,"x":0.82,"y":1},{"time":0.6333,"x":0.298,"y":1},{"time":0.6667,"x":0.62,"y":1},{"time":1,"x":1,"y":1}]},"tingzhi":{"translate":[{"time":0,"x":-1180.93,"y":0},{"time":0.3333,"x":-42.88,"y":0},{"time":0.6667,"x":49.01,"y":0},{"time":1,"x":1140.25,"y":0}]}}},"animation2":{"slots":{"longhudazhan4_guangshu":{"color":[{"time":0,"color":"b8ecffff"},{"time":0.3333,"color":"b8edffff"},{"time":0.4333,"color":"ffd9b800","curve":"stepped"},{"time":0.5667,"color":"ffd9b800"},{"time":1,"color":"b8edffff"}]},"longhudazhan4_guangshu2":{"color":[{"time":0,"color":"ffd9b860"},{"time":0.3333,"color":"ffd9b856"},{"time":0.4333,"color":"ffd9b800","curve":"stepped"},{"time":0.5667,"color":"ffd9b800"},{"time":1,"color":"ffd9b85b"}]},"longhudazhan4_kaishi":{"color":[{"time":0,"color":"ffffff00"},{"time":0.3333,"color":"ffffffff","curve":"stepped"},{"time":0.6667,"color":"ffffffff"},{"time":1,"color":"ffffff00"}],"attachment":[{"time":0,"name":null}]},"longhudazhan4_tingzhi":{"color":[{"time":0,"color":"ffffff00"},{"time":0.3333,"color":"ffffffff","curve":"stepped"},{"time":0.6667,"color":"ffffffff"},{"time":1,"color":"ffffff00"}]},"longhudazhan4_zidi":{"color":[{"time":0,"color":"ffffff00"},{"time":0.3333,"color":"ffffffff","curve":"stepped"},{"time":0.6667,"color":"ffffffff"},{"time":1,"color":"ffffff00"}]}},"bones":{"kaishi":{"translate":[{"time":0,"x":-1180.93,"y":0},{"time":0.3333,"x":-42.88,"y":0},{"time":0.6667,"x":49.01,"y":0},{"time":1,"x":1140.25,"y":0}]},"di":{"translate":[{"time":0,"x":0,"y":0}]},"bone":{"translate":[{"time":0,"x":-1371.82,"y":0},{"time":0.3333,"x":0,"y":0},{"time":0.6667,"x":53.57,"y":0},{"time":1,"x":1301.5,"y":0}],"scale":[{"time":0,"x":0.8,"y":1},{"time":0.3333,"x":0.82,"y":1},{"time":0.6333,"x":0.298,"y":1},{"time":0.6667,"x":0.62,"y":1},{"time":1,"x":1,"y":1}]},"tingzhi":{"translate":[{"time":0,"x":-1180.93,"y":0},{"time":0.3333,"x":-42.88,"y":0},{"time":0.6667,"x":49.01,"y":0},{"time":1,"x":1140.25,"y":0}]}}}}}