{ "listdata": [{"path": "lhdz/res/game/longhudazhan/", "name": "BankInGameCopy.csb", "md5": "d608f06fa373bd273ce59e14fe070781"}, 
{"path": "lhdz/res/game/longhudazhan/", "name": "DragonBetTip.csb", "md5": "4874f79080d630ecd7b305284946accf"}, 
{"path": "lhdz/res/game/longhudazhan/", "name": "DragonPlayerList.csb", "md5": "da9c770f5c4d96b4e5bb3e8027cdb956"}, 
{"path": "lhdz/res/game/longhudazhan/", "name": "DragonRoundResult.csb", "md5": "72eb4607f133c81ea7202f9a3d4bc48b"}, 
{"path": "lhdz/res/game/longhudazhan/", "name": "DragonTrend.csb", "md5": "9e3d7f2e13397e6752d4343e5e61526b"}, 
{"path": "lhdz/res/game/longhudazhan/effect/fuhao/", "name": "fuhao-coin.plist", "md5": "dd03107a1f6dedcf0b447b269bf32088"}, 
{"path": "lhdz/res/game/longhudazhan/effect/fuhao/", "name": "fuhao-star_1.plist", "md5": "7cf50d1f180d0d7ffa914b5cdb69adb6"}, 
{"path": "lhdz/res/game/longhudazhan/effect/fuhao/", "name": "fuhao-star_1_0.plist", "md5": "20f5df30b2e9cc5bf2d26c3e79f49a12"}, 
{"path": "lhdz/res/game/longhudazhan/effect/fuhao/", "name": "fuhao-star_2.plist", "md5": "9840a371d96dd555d99c11a5b7db3154"}, 
{"path": "lhdz/res/game/longhudazhan/effect/fuhao/", "name": "fuhao-star_3.plist", "md5": "7cc6394b56a9d564cb4b9bf8c4081cce"}, 
{"path": "lhdz/res/game/longhudazhan/effect/fuhao/", "name": "fuhao-star_4.plist", "md5": "7f8c20b30cdca82172feae16373be420"}, 
{"path": "lhdz/res/game/longhudazhan/effect/fuhao/", "name": "fuhao-star_5.plist", "md5": "1f595e9b6a1b1f409d0de627b4c627aa"}, 
{"path": "lhdz/res/game/longhudazhan/effect/fuhao/", "name": "fuhao-star_6.plist", "md5": "e5df581230afb52b7738b10d48eba0a4"}, 
{"path": "lhdz/res/game/longhudazhan/effect/fuhao/", "name": "fuhao-star_7.plist", "md5": "72beb3935040bb8f0d2716708066cac9"}, 
{"path": "lhdz/res/game/longhudazhan/effect/fuhao/", "name": "fuhao.ExportJson", "md5": "c522516446da900e44b29e534a90d7ad"}, 
{"path": "lhdz/res/game/longhudazhan/effect/fuhao/", "name": "fuhao0.plist", "md5": "7eaf9f5b0d655237bdc9bedccc9a1f16"}, 
{"path": "lhdz/res/game/longhudazhan/effect/fuhao/", "name": "fuhao0.png", "md5": "468b4fdb294de8f67abde0b33e967c2d"}, 
{"path": "lhdz/res/game/longhudazhan/effect/fuhao/", "name": "fuhaostar.png", "md5": "77ec611faaa7df1550344d2066a1ebe1"}, 
{"path": "lhdz/res/game/longhudazhan/effect/laohutexiao_Animation/", "name": "fuhao-fireball.plist", "md5": "a9084ca1e6aa31c99e2d07abacce5011"}, 
{"path": "lhdz/res/game/longhudazhan/effect/laohutexiao_Animation/", "name": "fuhao-xyun.plist", "md5": "764df2da1f1e5c86d51778fc50373f06"}, 
{"path": "lhdz/res/game/longhudazhan/effect/laohutexiao_Animation/", "name": "greenlight.plist", "md5": "5d8c347f137bcbfa2e89b4dfe318497a"}, 
{"path": "lhdz/res/game/longhudazhan/effect/laohutexiao_Animation/", "name": "laohutexiao_Animation.ExportJson", "md5": "f4efa6cc835668aa52f273956f03967a"}, 
{"path": "lhdz/res/game/longhudazhan/effect/laohutexiao_Animation/", "name": "laohutexiao_Animation0.plist", "md5": "cc2d63e2ccc9f4e7aef831c3d6571300"}, 
{"path": "lhdz/res/game/longhudazhan/effect/laohutexiao_Animation/", "name": "laohutexiao_Animation0.png", "md5": "e7ed84dd89f87d8c89760ead0a9243f3"}, 
{"path": "lhdz/res/game/longhudazhan/effect/laohutexiao_Animation/", "name": "laohutexiao_Animation1.plist", "md5": "2dc9067de97ea10a9e6c952a87f6d223"}, 
{"path": "lhdz/res/game/longhudazhan/effect/laohutexiao_Animation/", "name": "laohutexiao_Animation1.png", "md5": "8a10815ff661651e8c7375d7c183c411"}, 
{"path": "lhdz/res/game/longhudazhan/effect/longhudazhan4_beijing/", "name": "longhudazhan4_beijing.atlas", "md5": "34808ac15f5fa3afb8be5b39de761310"}, 
{"path": "lhdz/res/game/longhudazhan/effect/longhudazhan4_beijing/", "name": "longhudazhan4_beijing.json", "md5": "658e59748f365964402b15b6782e7b40"}, 
{"path": "lhdz/res/game/longhudazhan/effect/longhudazhan4_beijing/", "name": "longhudazhan4_beijing.png", "md5": "7047a17855d99ac300eb92cd297c550a"}, 
{"path": "lhdz/res/game/longhudazhan/effect/longhudazhan4_denglong/", "name": "longhudazhan4_denglong.atlas", "md5": "f445370c2bb6a302713b262337fbdd0d"}, 
{"path": "lhdz/res/game/longhudazhan/effect/longhudazhan4_denglong/", "name": "longhudazhan4_denglong.json", "md5": "04de93d67ad5dad57b5a522162cd1424"}, 
{"path": "lhdz/res/game/longhudazhan/effect/longhudazhan4_denglong/", "name": "longhudazhan4_denglong.png", "md5": "d677b34f77f86044c81f54aaddb4bcf2"}, 
{"path": "lhdz/res/game/longhudazhan/effect/longhudazhan4_fanpai/", "name": "longhudazhan4_fanpai.ExportJson", "md5": "7558b31a1dc2651784524967006c55ef"}, 
{"path": "lhdz/res/game/longhudazhan/effect/longhudazhan4_fanpai/", "name": "longhudazhan4_fanpai0.plist", "md5": "44c04dae4e215c2e7860bc89d832e265"}, 
{"path": "lhdz/res/game/longhudazhan/effect/longhudazhan4_fanpai/", "name": "longhudazhan4_fanpai0.png", "md5": "b6acc86a83f86eea668f7f8a1d84c66d"}, 
{"path": "lhdz/res/game/longhudazhan/effect/longhudazhan4_kaiju/", "name": "longhudazhan4_kaiju.atlas", "md5": "3a2965cc2d53ff2d38d9413934daa2a7"}, 
{"path": "lhdz/res/game/longhudazhan/effect/longhudazhan4_kaiju/", "name": "longhudazhan4_kaiju.json", "md5": "ab74933e14097084b563791f7d92efee"}, 
{"path": "lhdz/res/game/longhudazhan/effect/longhudazhan4_kaiju/", "name": "longhudazhan4_kaiju.png", "md5": "fff2b7a32b284a09af83513209345ec9"}, 
{"path": "lhdz/res/game/longhudazhan/effect/longhudazhan4_long/", "name": "longhudazhan4_long.atlas", "md5": "742546ac08e543ecee59eb8129d1000a"}, 
{"path": "lhdz/res/game/longhudazhan/effect/longhudazhan4_long/", "name": "longhudazhan4_long.json", "md5": "c300954ed592b369f0f28557f2da1456"}, 
{"path": "lhdz/res/game/longhudazhan/effect/longhudazhan4_long/", "name": "longhudazhan4_long.png", "md5": "bffc83ec17a52aa4c5b29db655d60bca"}, 
{"path": "lhdz/res/game/longhudazhan/effect/longhudazhan4_long/", "name": "longhudazhan4_long2.png", "md5": "6babab01d00e58b8eb0e2f4f514d26e7"}, 
{"path": "lhdz/res/game/longhudazhan/effect/longhudazhan4_paixiao/", "name": "longhudazhan4_paixiao.atlas", "md5": "4fc30873777129ea0af51b960f18f4fe"}, 
{"path": "lhdz/res/game/longhudazhan/effect/longhudazhan4_paixiao/", "name": "longhudazhan4_paixiao.json", "md5": "456a1b04414de918df7aba2becc7f951"}, 
{"path": "lhdz/res/game/longhudazhan/effect/longhudazhan4_paixiao/", "name": "longhudazhan4_paixiao.png", "md5": "2cd508d51a848d592888763c45696b5b"}, 
{"path": "lhdz/res/game/longhudazhan/effect/longhudazhan4_xiajukaishi/", "name": "longhudazhan4_xiajukaishi.atlas", "md5": "38b4b96954d6cfabb5136b05804ca095"}, 
{"path": "lhdz/res/game/longhudazhan/effect/longhudazhan4_xiajukaishi/", "name": "longhudazhan4_xiajukaishi.json", "md5": "f5e39934fb6c8e2ff149c1a9840fa868"}, 
{"path": "lhdz/res/game/longhudazhan/effect/longhudazhan4_xiajukaishi/", "name": "longhudazhan4_xiajukaishi.png", "md5": "76a6ce3a7f8ce6c2aa21210673c35e52"}, 
{"path": "lhdz/res/game/longhudazhan/effect/longhudazhan4_zhongjiang/", "name": "longhudazhan4_zhongjiang.ExportJson", "md5": "4f45be53c84c5383f02b9eff16aa560e"}, 
{"path": "lhdz/res/game/longhudazhan/effect/longhudazhan4_zhongjiang/", "name": "longhudazhan4_zhongjiang0.plist", "md5": "9fd284cffeebfbf5b9e9e2cfd15d8a63"}, 
{"path": "lhdz/res/game/longhudazhan/effect/longhudazhan4_zhongjiang/", "name": "longhudazhan4_zhongjiang0.png", "md5": "295662f9624aab5fc60e430215ffc397"}, 
{"path": "lhdz/res/game/longhudazhan/effect/longyuhufanpai_Animation/", "name": "longyuhufanpai_Animation.ExportJson", "md5": "08847f7299012a3b1d38d51f06a05892"}, 
{"path": "lhdz/res/game/longhudazhan/effect/longyuhufanpai_Animation/", "name": "longyuhufanpai_Animation0.plist", "md5": "4555db0926dedb6c9f7b2a1abf878dfd"}, 
{"path": "lhdz/res/game/longhudazhan/effect/longyuhufanpai_Animation/", "name": "longyuhufanpai_Animation0.png", "md5": "240285b2bbf1da5ca2f97cd740210160"}, 
{"path": "lhdz/res/game/longhudazhan/effect/tongyon_loding/", "name": "tongyon_loding.ExportJson", "md5": "87ea147a440a0f99ac0f6628f594c0a3"}, 
{"path": "lhdz/res/game/longhudazhan/effect/tongyon_loding/", "name": "tongyon_loding0.plist", "md5": "f89ed04992dc5bcaa0d4c087babc6b63"}, 
{"path": "lhdz/res/game/longhudazhan/effect/tongyon_loding/", "name": "tongyon_loding0.png", "md5": "c332167b802a2afe3058bc833cbd0be0"}, 
{"path": "lhdz/res/game/longhudazhan/effect/xuanwo2/", "name": "jinbixuanwo.atlas", "md5": "6af1cac528f53a1bbee64e61bd7f9366"}, 
{"path": "lhdz/res/game/longhudazhan/effect/xuanwo2/", "name": "jinbixuanwo.json", "md5": "6e2b39e8997dad5c3ec6b301097758bf"}, 
{"path": "lhdz/res/game/longhudazhan/effect/xuanwo2/", "name": "jinbixuanwo.png", "md5": "3d823c3fee656a8813acb9f1e7df133d"}, 
{"path": "lhdz/res/game/longhudazhan/font/", "name": "DragonTiger_font.fnt", "md5": "71659cc425f888fdf0a6e2b0e9533330"}, 
{"path": "lhdz/res/game/longhudazhan/font/", "name": "DragonTiger_font_0.png", "md5": "6745884e45ec6488efec123806582c50"}, 
{"path": "lhdz/res/game/longhudazhan/font/", "name": "fuhaopailie.fnt", "md5": "5c63c07276e4b6c14e4d641d5f9bebe6"}, 
{"path": "lhdz/res/game/longhudazhan/font/", "name": "fuhaopailie.png", "md5": "3a571c07a9a5abe25233b097b6841837"}, 
{"path": "lhdz/res/game/longhudazhan/font/", "name": "hexiazhu.fnt", "md5": "db1a7966375a11ad462f8fc5824289ee"}, 
{"path": "lhdz/res/game/longhudazhan/font/", "name": "hexiazhu.png", "md5": "b6a323c19447d2cc12c4d6ffdceed672"}, 
{"path": "lhdz/res/game/longhudazhan/font/", "name": "huxiazhu.fnt", "md5": "2719eb10b54cb5c0103b01b5e5c167ce"}, 
{"path": "lhdz/res/game/longhudazhan/font/", "name": "huxiazhu.png", "md5": "ef62d337f50e645d431461652486a865"}, 
{"path": "lhdz/res/game/longhudazhan/font/", "name": "jxlw_fc.fnt", "md5": "dfcad3d41651b79f4079d57ae1bf9f3b"}, 
{"path": "lhdz/res/game/longhudazhan/font/", "name": "jxlw_fc.png", "md5": "dc63fee2a982464f6affd726784b2d42"}, 
{"path": "lhdz/res/game/longhudazhan/font/", "name": "lhd_jb.fnt", "md5": "d318010d799e6e8ad70e2a0fd0b82100"}, 
{"path": "lhdz/res/game/longhudazhan/font/", "name": "lhd_jb.png", "md5": "6c154b21186c75295feb46e677e71030"}, 
{"path": "lhdz/res/game/longhudazhan/font/", "name": "lhd_jbjia.fnt", "md5": "dadb75ba4a7332593a565232b4da11b7"}, 
{"path": "lhdz/res/game/longhudazhan/font/", "name": "lhd_jbjia.png", "md5": "a1ea32b8353689f554cd1b8c446f0079"}, 
{"path": "lhdz/res/game/longhudazhan/font/", "name": "lhd_jbjian.fnt", "md5": "a5cf236ff409abb53ba1291875c628a1"}, 
{"path": "lhdz/res/game/longhudazhan/font/", "name": "lhd_jbjian.png", "md5": "3c62940e097e77668fae6021fd3c6af5"}, 
{"path": "lhdz/res/game/longhudazhan/font/", "name": "lhd_ztz.fnt", "md5": "3da41299752283aaf96271b9a26b7e8f"}, 
{"path": "lhdz/res/game/longhudazhan/font/", "name": "lhd_ztz.png", "md5": "546242454b2844cb92ca1061265d0795"}, 
{"path": "lhdz/res/game/longhudazhan/font/", "name": "lh_countdown.fnt", "md5": "ab8bf5fae223f2b46b74ce066012d4b9"}, 
{"path": "lhdz/res/game/longhudazhan/font/", "name": "lh_countdown_0.png", "md5": "75deab02ef66135f4b060289038588f8"}, 
{"path": "lhdz/res/game/longhudazhan/font/", "name": "longxiazhu.fnt", "md5": "7c2ac6f02eea27e4b003baf5dcccad8c"}, 
{"path": "lhdz/res/game/longhudazhan/font/", "name": "longxiazhu.png", "md5": "0b142f3775336c483d5b0eb2140de506"}, 
{"path": "lhdz/res/game/longhudazhan/font/", "name": "second.fnt", "md5": "19a2eb5e56de13ad679df70dcaa79755"}, 
{"path": "lhdz/res/game/longhudazhan/font/", "name": "second.png", "md5": "b1da30867595fd80f123c52083652d75"}, 
{"path": "lhdz/res/game/longhudazhan/font/", "name": "sz-lhdz-01.fnt", "md5": "9c5c18a910067ed71aa116ee9f0fb734"}, 
{"path": "lhdz/res/game/longhudazhan/font/", "name": "sz-lhdz-01.png", "md5": "16f9c589a9404b8cc6d09d4ad40d6c13"}, 
{"path": "lhdz/res/game/longhudazhan/font/", "name": "sz-lhdz-05.fnt", "md5": "6690f93519187c68358cb20e608ed51e"}, 
{"path": "lhdz/res/game/longhudazhan/font/", "name": "sz-lhdz-05.png", "md5": "34f2dd559e512c63b144f90bf75b49a3"}, 
{"path": "lhdz/res/game/longhudazhan/font/", "name": "sz-lhdz-06.fnt", "md5": "6c4f01a7c2c10978350cb4128f6fe2c8"}, 
{"path": "lhdz/res/game/longhudazhan/font/", "name": "sz-lhdz-06.png", "md5": "2a81ec5044dbf337b35093408346c138"}, 
{"path": "lhdz/res/game/longhudazhan/font/", "name": "sz-lhdz-08.fnt", "md5": "e586cdaa074de35fef4e9eef04de4c8a"}, 
{"path": "lhdz/res/game/longhudazhan/font/", "name": "sz-lhdz-08.png", "md5": "300f0b48c308f02281602f5ec6cf6178"}, 
{"path": "lhdz/res/game/longhudazhan/font/", "name": "sz-lhdz-09.fnt", "md5": "3ef3fd7aac90720429e47d6128dbfa5a"}, 
{"path": "lhdz/res/game/longhudazhan/font/", "name": "sz-lhdz-09.png", "md5": "8c50e88e9e4e5665c50eab3560cc2dac"}, 
{"path": "lhdz/res/game/longhudazhan/font/", "name": "sz-lhdz-10.fnt", "md5": "0211ee62bd498fc8339b55899b3dbad8"}, 
{"path": "lhdz/res/game/longhudazhan/font/", "name": "sz-lhdz-10.png", "md5": "3c133a99a12215e23b41ac91c9817a58"}, 
{"path": "lhdz/res/game/longhudazhan/font/", "name": "sz-lhdz-11.fnt", "md5": "433b1f740caa3f20042b583f8c35df65"}, 
{"path": "lhdz/res/game/longhudazhan/font/", "name": "sz-lhdz-11.png", "md5": "863b10989f980683548d6ce41c6ef666"}, 
{"path": "lhdz/res/game/longhudazhan/font/", "name": "sz-lhdz-12.fnt", "md5": "2b587eae369884ffe3cc56c89aa8a38e"}, 
{"path": "lhdz/res/game/longhudazhan/font/", "name": "sz-lhdz-12.png", "md5": "1c5f4f2f1476d5f799c1905938466c5a"}, 
{"path": "lhdz/res/game/longhudazhan/font/", "name": "xiazhu.fnt", "md5": "2586ab33229c2c49a6d8f7e2447f76b2"}, 
{"path": "lhdz/res/game/longhudazhan/font/", "name": "xiazhu.png", "md5": "63d33a8d3ba71b45564bf35595d755be"}, 
{"path": "lhdz/res/game/longhudazhan/font/", "name": "xzje.fnt", "md5": "afcfd9d3f3765c477b1a5e4c22ddb8d9"}, 
{"path": "lhdz/res/game/longhudazhan/font/", "name": "xzje_0.png", "md5": "b0d5b5ff91c62e775d5cd364961d6a02"}, 
{"path": "lhdz/res/game/longhudazhan/gui/", "name": "bg-base-dialog2.png", "md5": "e677c4871c9390b74bfa004d33aecfbc"}, 
{"path": "lhdz/res/game/longhudazhan/gui/", "name": "gui-lhdz-messagebox-bg.png", "md5": "e47b93e774b77ab0e9189a7db6e97aef"}, 
{"path": "lhdz/res/game/longhudazhan/gui/", "name": "gui-longhudazhan-bg.png", "md5": "bc8ae4faba8f8b614f5869b9e41ca5aa"}, 
{"path": "lhdz/res/game/longhudazhan/gui/", "name": "gui-longhudazhan-dialog-bg.png", "md5": "9e9638141bbff6bcef431cc0828093ea"}, 
{"path": "lhdz/res/game/longhudazhan/gui/", "name": "gui-longhudazhan-loading-bg.jpg", "md5": "88f9b9d4cc6530931fc674b958148b9b"}, 
{"path": "lhdz/res/game/longhudazhan/gui/", "name": "gui-longhudazhan-rule-content.png", "md5": "74b5f1b612e300a968e84e4616b981e5"}, 
{"path": "lhdz/res/game/longhudazhan/gui/", "name": "gui-longhudazhan-table.png", "md5": "eced80d93ea219d1e66c4d0630f66cef"}, 
{"path": "lhdz/res/game/longhudazhan/gui/", "name": "gui-texture-null.png", "md5": "f190958088c2cdf976af0679a51cafcb"}, 
{"path": "lhdz/res/game/longhudazhan/image/", "name": "avatar.png", "md5": "84d9790bb02ced5d8a198a6d866d3e58"}, 
{"path": "lhdz/res/game/longhudazhan/image/", "name": "back_button.png", "md5": "2fbf30cbf08f4eaf3c36944694e977de"}, 
{"path": "lhdz/res/game/longhudazhan/image/", "name": "bet_light.png", "md5": "73fe15d9084db8faa922d967a9f17f8a"}, 
{"path": "lhdz/res/game/longhudazhan/image/", "name": "board_bottom.png", "md5": "2450619468bafe533ced6425ed20b68b"}, 
{"path": "lhdz/res/game/longhudazhan/image/", "name": "board_dragon.png", "md5": "62812d6ce43dd376f5a2e9ecb03836ef"}, 
{"path": "lhdz/res/game/longhudazhan/image/", "name": "board_he.png", "md5": "9032cc0c245110b85645f353cec771f1"}, 
{"path": "lhdz/res/game/longhudazhan/image/", "name": "board_tiger.png", "md5": "7826525122729b74ec51b3c1484c3be4"}, 
{"path": "lhdz/res/game/longhudazhan/image/", "name": "borad_down.png", "md5": "45856efdd329fa9798e1ed6f5f104f88"}, 
{"path": "lhdz/res/game/longhudazhan/image/", "name": "borad_up.png", "md5": "8f0ba3db17f3b4e4dfe105f88a4bb3e3"}, 
{"path": "lhdz/res/game/longhudazhan/image/", "name": "brdz_jinbi_kuaichong.png", "md5": "11f1326147f2a9392eaf05d7cf946747"}, 
{"path": "lhdz/res/game/longhudazhan/image/", "name": "brdz_zt_bg.png", "md5": "e27fd7da48fed68edae5ed507de06626"}, 
{"path": "lhdz/res/game/longhudazhan/image/", "name": "brnn_zt_bg.png", "md5": "97c18f6b278b08d70ef81f2d088a89ff"}, 
{"path": "lhdz/res/game/longhudazhan/image/", "name": "Btntext_fanhui.png", "md5": "63871f283c04e8ca4316c7b2b2d4cafa"}, 
{"path": "lhdz/res/game/longhudazhan/image/", "name": "Btntext_jixu.png", "md5": "2e5ae8c2ac2c185ac3fb5568e8b570a7"}, 
{"path": "lhdz/res/game/longhudazhan/image/", "name": "btn_01.png", "md5": "1710c3f0f091ca9ca10f3e7be75f4459"}, 
{"path": "lhdz/res/game/longhudazhan/image/", "name": "Btn_playerlist.png", "md5": "bcbc79020773a54fee21c0a1a3143893"}, 
{"path": "lhdz/res/game/longhudazhan/image/", "name": "buttontexte_likai.png", "md5": "65f94306057048edd1e07e329dfc576c"}, 
{"path": "lhdz/res/game/longhudazhan/image/", "name": "button_exit_green.png", "md5": "009c95e675dadccc63b3e1449aae91f3"}, 
{"path": "lhdz/res/game/longhudazhan/image/", "name": "button_exit_yellow.png", "md5": "56f56ffa075f12de264b8c9b4414f371"}, 
{"path": "lhdz/res/game/longhudazhan/image/", "name": "buttun_text1.png", "md5": "c60456821d1f825033f4cc98a3af61d1"}, 
{"path": "lhdz/res/game/longhudazhan/image/", "name": "buttun_text2.png", "md5": "fa25c6c2acbc204b78c947ae3542f574"}, 
{"path": "lhdz/res/game/longhudazhan/image/", "name": "buttun_text3.png", "md5": "eececf98e85a7d70c63434109b551490"}, 
{"path": "lhdz/res/game/longhudazhan/image/", "name": "buttun_text4.png", "md5": "eececf98e85a7d70c63434109b551490"}, 
{"path": "lhdz/res/game/longhudazhan/image/", "name": "buttun_text42.png", "md5": "d56538267b5fe63d1cdec659153a2c65"}, 
{"path": "lhdz/res/game/longhudazhan/image/", "name": "buttun_text5.png", "md5": "fb5e9d0cb440b93c76d6000a5a92b160"}, 
{"path": "lhdz/res/game/longhudazhan/image/", "name": "buttun_text6.png", "md5": "e82a89222ce16f1abb273859ebd5071d"}, 
{"path": "lhdz/res/game/longhudazhan/image/", "name": "buttun_text7.png", "md5": "63210575962b513e31ef38daf498c008"}, 
{"path": "lhdz/res/game/longhudazhan/image/", "name": "cardBack.png", "md5": "3d45f26bcb2c3f473cf2d42761a428de"}, 
{"path": "lhdz/res/game/longhudazhan/image/", "name": "cardFront.png", "md5": "f1f525f6b99a25ea605f568e6d9175df"}, 
{"path": "lhdz/res/game/longhudazhan/image/chip/", "name": "cm_id_1.png", "md5": "ee9ac77255f1266a5eb40cffe540d531"}, 
{"path": "lhdz/res/game/longhudazhan/image/chip/", "name": "cm_id_2.png", "md5": "91817fc7137582dbe5d9efce37844783"}, 
{"path": "lhdz/res/game/longhudazhan/image/chip/", "name": "cm_id_3.png", "md5": "9f398e172d71acb48196ff3a2df3d65b"}, 
{"path": "lhdz/res/game/longhudazhan/image/chip/", "name": "cm_id_4.png", "md5": "87e327346a1665ccc0042ef2f795ac0c"}, 
{"path": "lhdz/res/game/longhudazhan/image/chip/", "name": "cm_id_5.png", "md5": "7e2056c82c1537325ea46521bb916c79"}, 
{"path": "lhdz/res/game/longhudazhan/image/chip/", "name": "cm_id_6.png", "md5": "ca9471d340213e9714638de8f132120b"}, 
{"path": "lhdz/res/game/longhudazhan/image/", "name": "DefaultAvatar.png", "md5": "cf583dc328b6ba113a8befdf4937cbbe"}, 
{"path": "lhdz/res/game/longhudazhan/image/", "name": "DefaultAvatar_name.png", "md5": "2ffde1d63b058893fce54cb936abc985"}, 
{"path": "lhdz/res/game/longhudazhan/image/", "name": "he.png", "md5": "b9552550ddc88755475bbeeca3d4698b"}, 
{"path": "lhdz/res/game/longhudazhan/image/", "name": "head_bigrich.png", "md5": "cdbee70381000950dba52474f9f3fe23"}, 
{"path": "lhdz/res/game/longhudazhan/image/", "name": "head_frame.png", "md5": "dd9ff7ec5cc5b33cfd545d3e33bf2d9a"}, 
{"path": "lhdz/res/game/longhudazhan/image/", "name": "head_frame_mask.png", "md5": "7c3d577e849eba62fdfe747226a0bc8f"}, 
{"path": "lhdz/res/game/longhudazhan/image/", "name": "head_luckystar.png", "md5": "7ad9cb57b0e00e3d92779e7c4be6579f"}, 
{"path": "lhdz/res/game/longhudazhan/image/", "name": "hu.png", "md5": "3c3c3c7fb29b4bdcf0eb9c1e084b310e"}, 
{"path": "lhdz/res/game/longhudazhan/image/", "name": "icon_zhuang.png", "md5": "bfc6d9506ce767b3879993d72d6c3d31"}, 
{"path": "lhdz/res/game/longhudazhan/image/", "name": "jbshuzi.png", "md5": "a0ea0c40b93ea0b2c6a9ee89e1c1b734"}, 
{"path": "lhdz/res/game/longhudazhan/image/", "name": "lfd_board.png", "md5": "069049aaab93b576c2bb6d2edd56bda2"}, 
{"path": "lhdz/res/game/longhudazhan/image/", "name": "lfd_head_bg.png", "md5": "9849aa15c861de0eb98cbbb09dd7e349"}, 
{"path": "lhdz/res/game/longhudazhan/image/", "name": "lhd_bg.png", "md5": "bc8ae4faba8f8b614f5869b9e41ca5aa"}, 
{"path": "lhdz/res/game/longhudazhan/image/", "name": "lhd_bipai_bg.png", "md5": "8749c93b8104bb374a53076489723e4c"}, 
{"path": "lhdz/res/game/longhudazhan/image/", "name": "lhd_bipai_hu.png", "md5": "9ef0c9189fe25e5142b2c1827462ec46"}, 
{"path": "lhdz/res/game/longhudazhan/image/", "name": "lhd_bipai_long.png", "md5": "377eaaaedea5e99618210bd808543802"}, 
{"path": "lhdz/res/game/longhudazhan/image/", "name": "lhd_bipai_vs.png", "md5": "857cb49e604bb5ea28c8cc9625410fa4"}, 
{"path": "lhdz/res/game/longhudazhan/image/", "name": "lhd_button_2.png", "md5": "96470220c13d93d2cc51c3baa5f92f41"}, 
{"path": "lhdz/res/game/longhudazhan/image/", "name": "lhd_button_3.png", "md5": "a9559f5bc4b80e1aa94ec307d00ef557"}, 
{"path": "lhdz/res/game/longhudazhan/image/", "name": "lhd_gold_bg.png", "md5": "71f5e36ead6f6018d31cb34e3e4bee9f"}, 
{"path": "lhdz/res/game/longhudazhan/image/", "name": "lhd_he.png", "md5": "50e79e8911c76aa3d8d01f498f4eccbe"}, 
{"path": "lhdz/res/game/longhudazhan/image/", "name": "lhd_pds.png", "md5": "8123cc373e77c02005791708883995f7"}, 
{"path": "lhdz/res/game/longhudazhan/image/", "name": "lhd_pl.png", "md5": "2b89715b9e857e5dad5cc4198fb8cd22"}, 
{"path": "lhdz/res/game/longhudazhan/image/", "name": "lhd_pl_second.png", "md5": "8d4ac90493d9bb272760f46c5a876e9c"}, 
{"path": "lhdz/res/game/longhudazhan/image/", "name": "lhd_q_pos_num.png", "md5": "96853ddd3735eb2e5ddc8a778d0fabef"}, 
{"path": "lhdz/res/game/longhudazhan/image/", "name": "lhd_rank_bigwinner_text2.png", "md5": "f3a0973d0c7b9396dab68cb74e4760eb"}, 
{"path": "lhdz/res/game/longhudazhan/image/", "name": "lhd_rank_board_1.png", "md5": "07ccb8d9db207d67de89c60436ef12c6"}, 
{"path": "lhdz/res/game/longhudazhan/image/", "name": "lhd_rank_board_2.png", "md5": "05a1f0a6eff891b632b74b9725ec567d"}, 
{"path": "lhdz/res/game/longhudazhan/image/", "name": "lhd_rank_board_3.png", "md5": "10e898ad8352c41de03c05fcd1d9070d"}, 
{"path": "lhdz/res/game/longhudazhan/image/", "name": "lhd_rank_close_button.png", "md5": "46e4795d114ef85815ddd06c91a3425e"}, 
{"path": "lhdz/res/game/longhudazhan/image/", "name": "lhd_rank_line.png", "md5": "7cb2f4c8c89e35d35dd9b89f548f47e7"}, 
{"path": "lhdz/res/game/longhudazhan/image/", "name": "lhd_rank_num.png", "md5": "278aa29be2962df6dd34de0c6be61daa"}, 
{"path": "lhdz/res/game/longhudazhan/image/", "name": "lhd_rank_rank_1.png", "md5": "b160a921ba48ef8ff41c0785dd88d74c"}, 
{"path": "lhdz/res/game/longhudazhan/image/", "name": "lhd_xiazhu_ziji.png", "md5": "be7b0f29baa3706b04f00b136b8fb47f"}, 
{"path": "lhdz/res/game/longhudazhan/image/", "name": "long.png", "md5": "f156a0af723fa0333c6aef8673adf5da"}, 
{"path": "lhdz/res/game/longhudazhan/image/", "name": "longfudou_cardBg.png", "md5": "9a82c9f48009547c0c00196bb50d35c9"}, 
{"path": "lhdz/res/game/longhudazhan/image/", "name": "longfudou_cardLight.png", "md5": "a88783a8c764c4c4549c941af0a259c6"}, 
{"path": "lhdz/res/game/longhudazhan/image/", "name": "longfudou_cardShade.png", "md5": "8493a40b7d3d3e1109677aebd63e0590"}, 
{"path": "lhdz/res/game/longhudazhan/image/", "name": "longfudou_cardTitleFailed.png", "md5": "a81ff166f224b1b829c678c341434b81"}, 
{"path": "lhdz/res/game/longhudazhan/image/", "name": "longfudou_cardTitleWin.png", "md5": "69e7a1a06f3a2fc79bcb450d08d7e3e9"}, 
{"path": "lhdz/res/game/longhudazhan/image/", "name": "longfudou_choumaCancle.png", "md5": "01628b8bbc2d343cfd098583edfbd718"}, 
{"path": "lhdz/res/game/longhudazhan/image/", "name": "longfudou_choumaSelect.png", "md5": "30e35927520aed742b6ff0abc3510831"}, 
{"path": "lhdz/res/game/longhudazhan/image/", "name": "longfudou_clock_state_1.png", "md5": "836de975b848d5f711d567178e91f9f4"}, 
{"path": "lhdz/res/game/longhudazhan/image/", "name": "longfudou_clock_state_2.png", "md5": "ce5021ef4e803e153c2598a288b1acc4"}, 
{"path": "lhdz/res/game/longhudazhan/image/", "name": "longfudou_clock_state_3.png", "md5": "e9f0f8a7b36a812291e3626b5eefc0d2"}, 
{"path": "lhdz/res/game/longhudazhan/image/", "name": "longfudou_loseTxt0.png", "md5": "fa996be3d3acc5d341accd11497109ef"}, 
{"path": "lhdz/res/game/longhudazhan/image/", "name": "longfudou_loseTxt1.png", "md5": "85f799e6edb7740e1516a36578bc5625"}, 
{"path": "lhdz/res/game/longhudazhan/image/", "name": "longfudou_loseTxt2.png", "md5": "ed2239f155836194faa97dba5415b012"}, 
{"path": "lhdz/res/game/longhudazhan/image/", "name": "longfudou_winFailedCell.png", "md5": "bbf8470cf672398d70dbfb5444087023"}, 
{"path": "lhdz/res/game/longhudazhan/image/", "name": "longfudou_winFailedTable.png", "md5": "42207b004c4095c5db59610c2fa596c9"}, 
{"path": "lhdz/res/game/longhudazhan/image/", "name": "longfudou_winstate0.png", "md5": "07f637e299749958ba86d08671b00ef4"}, 
{"path": "lhdz/res/game/longhudazhan/image/", "name": "longfudou_winstate1.png", "md5": "b99fcff8ae3082ec93523f9a952c4506"}, 
{"path": "lhdz/res/game/longhudazhan/image/", "name": "longfudou_winstate2.png", "md5": "2ef0109ad43502eee56ea44a5c3be1ec"}, 
{"path": "lhdz/res/game/longhudazhan/image/", "name": "longfudou_winTxt0.png", "md5": "874914a0df15f28aab4c580ac4ef9b4e"}, 
{"path": "lhdz/res/game/longhudazhan/image/", "name": "longfudou_winTxt1.png", "md5": "c1e564423e6008997a3d992600e124d6"}, 
{"path": "lhdz/res/game/longhudazhan/image/", "name": "longfudou_winTxt2.png", "md5": "a40c3da05879291fae0c11ea2bed2410"}, 
{"path": "lhdz/res/game/longhudazhan/image/", "name": "longfudou_xiazhuTitle.png", "md5": "836de975b848d5f711d567178e91f9f4"}, 
{"path": "lhdz/res/game/longhudazhan/image/", "name": "longhudou_choumabg.png", "md5": "576ff6c2d9a26b50152f2b11c5f5bb66"}, 
{"path": "lhdz/res/game/longhudazhan/image/", "name": "longhudou_choumabg2.png", "md5": "3277852f0f877935a473a63ad3ca6409"}, 
{"path": "lhdz/res/game/longhudazhan/image/", "name": "longKC_btn_01.png", "md5": "a39c4fe8fb2c9bd52a1453355003eb0e"}, 
{"path": "lhdz/res/game/longhudazhan/image/", "name": "num_2.png", "md5": "970c3eb24a7482cd01fb88a853e05496"}, 
{"path": "lhdz/res/game/longhudazhan/image/", "name": "Num_time.png", "md5": "6e293d09714d3ea5ddbfa2148ed44558"}, 
{"path": "lhdz/res/game/longhudazhan/image/", "name": "pool_number.png", "md5": "6a91bd0a2872d57cb230e16797ceebc5"}, 
{"path": "lhdz/res/game/longhudazhan/image/", "name": "rank_anniu.png", "md5": "b9c46c0b237e91f222c4c96f2bfac8e4"}, 
{"path": "lhdz/res/game/longhudazhan/image/", "name": "rbweffectbigWinner.plist", "md5": "439760d37a50e11256b0e6cf5030cf66"}, 
{"path": "lhdz/res/game/longhudazhan/image/", "name": "rbweffectbigWinner.png", "md5": "2bbced1bae0ac1428d3d7ab25a47323d"}, 
{"path": "lhdz/res/game/longhudazhan/image/", "name": "rbwImg1_head_bg03.png", "md5": "ef35d2c43dedf709c775c6ddcec9286c"}, 
{"path": "lhdz/res/game/longhudazhan/image/", "name": "rbwImg1_head_demo2.png", "md5": "c0556c5ea5f7162eb59b2be25ad190e0"}, 
{"path": "lhdz/res/game/longhudazhan/image/", "name": "rbwImg2_bet_bg.png", "md5": "20edbb61947d7c4f9d9993f793b02a4c"}, 
{"path": "lhdz/res/game/longhudazhan/image/", "name": "shuzi_zhuomian_shijian_daoji.png", "md5": "cdeaf0f5fadab69596ce3db367f41713"}, 
{"path": "lhdz/res/game/longhudazhan/image/", "name": "text_2.png", "md5": "218031c1cb979193e87d332ef1e45879"}, 
{"path": "lhdz/res/game/longhudazhan/image/", "name": "text_kpz2.png", "md5": "86095df0b1ed434502c889de988fd14e"}, 
{"path": "lhdz/res/game/longhudazhan/image/", "name": "text_maiding.png", "md5": "b2e73d0262a1b2de8534a1cbcbab4747"}, 
{"path": "lhdz/res/game/longhudazhan/image/", "name": "text_xiazhu.png", "md5": "55502540f01f60cd06acdbd4b18d4a9a"}, 
{"path": "lhdz/res/game/longhudazhan/image/", "name": "tjylc_ccl_new.png", "md5": "70b0b985089e73e8fd4fc7ba42382272"}, 
{"path": "lhdz/res/game/longhudazhan/image/trend/", "name": "lhzst_002.png", "md5": "33bb17073dafbae82a2b8a963e4ea226"}, 
{"path": "lhdz/res/game/longhudazhan/image/trend/", "name": "lhzst_003.png", "md5": "317bc1475423667af3c9d61e914c85c2"}, 
{"path": "lhdz/res/game/longhudazhan/image/trend/", "name": "lhzst_004.png", "md5": "a3ecaad0610f16daaa31546b53abeb84"}, 
{"path": "lhdz/res/game/longhudazhan/image/trend/", "name": "lhzst_007.png", "md5": "c29df42f13647c6479b1f042ef541210"}, 
{"path": "lhdz/res/game/longhudazhan/image/trend/", "name": "lhzst_008.png", "md5": "efef0df7a320eedd4410867bc045d6ed"}, 
{"path": "lhdz/res/game/longhudazhan/image/trend/", "name": "lhzst_009.png", "md5": "9179aab3dd0a66a1c5ba80d3b6b6d048"}, 
{"path": "lhdz/res/game/longhudazhan/image/trend/", "name": "lhzst_010.png", "md5": "381e92ad206d7845336044f68b0dd877"}, 
{"path": "lhdz/res/game/longhudazhan/image/trend/", "name": "lhzst_011.png", "md5": "117952ad413572125ccc9cab290bfe00"}, 
{"path": "lhdz/res/game/longhudazhan/image/trend/", "name": "lhzst_012.png", "md5": "3ab209e622275bfeedaa2f4b286e35f3"}, 
{"path": "lhdz/res/game/longhudazhan/image/trend/", "name": "lhzst_013.png", "md5": "3b62479ddfdc0a906d43d80d3d3a5ff2"}, 
{"path": "lhdz/res/game/longhudazhan/image/trend/", "name": "lhzst_026.png", "md5": "766f0bcb64e1beae7658d29395126382"}, 
{"path": "lhdz/res/game/longhudazhan/image/trend/", "name": "lhzst_027.png", "md5": "eaa79c930e725e8891611c94f5377056"}, 
{"path": "lhdz/res/game/longhudazhan/image/trend/", "name": "lhzst_028.png", "md5": "6ff7a6be089fb5f49943b21baa49661a"}, 
{"path": "lhdz/res/game/longhudazhan/image/trend/", "name": "lhzst_029.png", "md5": "d88637aba30a11e4380951a1bb85f6b5"}, 
{"path": "lhdz/res/game/longhudazhan/image/trend/", "name": "lhzst_030.png", "md5": "cc6029f0ff28780192b74a2e98323d51"}, 
{"path": "lhdz/res/game/longhudazhan/image/trend/", "name": "lhzst_032.png", "md5": "64374e048ec8f7c1cf5f6e83cd19c5c9"}, 
{"path": "lhdz/res/game/longhudazhan/image/trend/", "name": "lhzst_033.png", "md5": "e94b80cc0c17cdf3aca892f7318e07a8"}, 
{"path": "lhdz/res/game/longhudazhan/image/trend/", "name": "lhzst_034.png", "md5": "711da26d9b5844bd35b01d5b73a454a6"}, 
{"path": "lhdz/res/game/longhudazhan/image/trend/", "name": "lhzst_035.png", "md5": "3632bbefb06d0d71c6e2fadc23f71a60"}, 
{"path": "lhdz/res/game/longhudazhan/image/trend/", "name": "lhzst_036.png", "md5": "d059b7c2afcd2ae65af6b7d5ac99d0fa"}, 
{"path": "lhdz/res/game/longhudazhan/image/trend/", "name": "lhzst_037.png", "md5": "c0b6f7948d6360716eee0efc99270ad7"}, 
{"path": "lhdz/res/game/longhudazhan/image/", "name": "wan.png", "md5": "66e416d1a953ed3a28a4a6ab026b2fad"}, 
{"path": "lhdz/res/game/longhudazhan/image/wanjialiebiao/", "name": "dyj_006.png", "md5": "b7c98e5e9a7339be32565873ebbe83a9"}, 
{"path": "lhdz/res/game/longhudazhan/image/wanjialiebiao/", "name": "tjdwc_tanchu_title1.png", "md5": "029aaae7cdb441b254880d2b9dfd5d29"}, 
{"path": "lhdz/res/game/longhudazhan/image/wanjialiebiao/", "name": "wanjialiebiao_bg.png", "md5": "7f93c465449ce712102aaa34c3fa2558"}, 
{"path": "lhdz/res/game/longhudazhan/image/", "name": "zcm_ggl45.png", "md5": "ffd8c014eb79877ecb4f1168625d4e1a"}, 
{"path": "lhdz/res/game/longhudazhan/image/", "name": "zhuomian_shijian.png", "md5": "ed2251ac5fbf4c4e3039430f118e7039"}, 
{"path": "lhdz/res/game/longhudazhan/", "name": "lhdzLoading.csb", "md5": "69a92d9aef7d3e1f6b3b9a506c50d731"}, 
{"path": "lhdz/res/game/longhudazhan/", "name": "lhdzMainLayer.csb", "md5": "bf1abf5b4c712e3b7007e20f39a3f8f5"}, 
{"path": "lhdz/res/game/longhudazhan/", "name": "lhdzmessage-box.csb", "md5": "ad8bb96d9b1639c88beb73537d081900"}, 
{"path": "lhdz/res/game/longhudazhan/", "name": "lhdzRankInfoItem.csb", "md5": "1f582004c798ab8e971043f23b54f929"}, 
{"path": "lhdz/res/game/longhudazhan/", "name": "lhdzRankLayer.csb", "md5": "e812054f49ba2a30965aa32372f5cb57"}, 
{"path": "lhdz/res/game/longhudazhan/", "name": "lhdzRuleLayer.csb", "md5": "eb0d47c81954a9c774721c6dd77b52ac"}, 
{"path": "lhdz/res/game/longhudazhan/", "name": "lhdzTrendLayer.csb", "md5": "c7252e81827e6e04b4b268c619f36266"}, 
{"path": "lhdz/res/game/longhudazhan/", "name": "lhdzUserInfo.csb", "md5": "6e1405927e5f4f8c7b133b7ae2996378"}, 
{"path": "lhdz/res/game/longhudazhan/plist/", "name": "bankImages.plist", "md5": "40424d87267e23edbb036abc0a767cc9"}, 
{"path": "lhdz/res/game/longhudazhan/plist/", "name": "bankImages.png", "md5": "41f6fe334adc023d7c4e2a2d3c390562"}, 
{"path": "lhdz/res/game/longhudazhan/plist/", "name": "fuhao-coin.plist", "md5": "115e9043daa0951a7ee74175f192219c"}, 
{"path": "lhdz/res/game/longhudazhan/plist/", "name": "game-jetton.plist", "md5": "a4279e2034f6898bc217434b2f07d4c9"}, 
{"path": "lhdz/res/game/longhudazhan/plist/", "name": "game-jetton.png", "md5": "cca17de75106d5bcd00024d45ab633b9"}, 
{"path": "lhdz/res/game/longhudazhan/plist/", "name": "gui-longhudazhan-main.plist", "md5": "afa19a91c96470ede5c15ca980550055"}, 
{"path": "lhdz/res/game/longhudazhan/plist/", "name": "gui-longhudazhan-main.png", "md5": "189a2f7cbb802d2b9675c538460c79a8"}, 
{"path": "lhdz/res/game/longhudazhan/plist/", "name": "guifu_1.plist", "md5": "fbd94e4c074089f4f43d1c864444bb7c"}, 
{"path": "lhdz/res/game/longhudazhan/plist/", "name": "MessageBoxPlist.plist", "md5": "feb9f839fa9bb445b1943015ba801692"}, 
{"path": "lhdz/res/game/longhudazhan/plist/", "name": "MessageBoxPlist.png", "md5": "598385d16b99fe032a30385a426d3729"}, 
{"path": "lhdz/res/game/longhudazhan/sound/", "name": "sound-1.mp3", "md5": "8b6f4c231547999a7da015aa5718559c"}, 
{"path": "lhdz/res/game/longhudazhan/sound/", "name": "sound-10.mp3", "md5": "47fe9966caff7738d10e59a115072f68"}, 
{"path": "lhdz/res/game/longhudazhan/sound/", "name": "sound-11.mp3", "md5": "960c0b7fd2a69aba26faea41161ecac6"}, 
{"path": "lhdz/res/game/longhudazhan/sound/", "name": "sound-12.mp3", "md5": "e7cba2fafddb94aad677c8a090189d78"}, 
{"path": "lhdz/res/game/longhudazhan/sound/", "name": "sound-13.mp3", "md5": "02a767181eec3866a417e6d6c5d93628"}, 
{"path": "lhdz/res/game/longhudazhan/sound/", "name": "sound-2.mp3", "md5": "cbf0026e98ebec9d88de774719bcd847"}, 
{"path": "lhdz/res/game/longhudazhan/sound/", "name": "sound-3.mp3", "md5": "0311a1999e0fac940937ab9bec8be895"}, 
{"path": "lhdz/res/game/longhudazhan/sound/", "name": "sound-4.mp3", "md5": "b62442c0b86f26b1e255f1ac9865b755"}, 
{"path": "lhdz/res/game/longhudazhan/sound/", "name": "sound-5.mp3", "md5": "ab907b0e1f86c35410578461481a67a3"}, 
{"path": "lhdz/res/game/longhudazhan/sound/", "name": "sound-6.mp3", "md5": "79da04aeea70b45597960c5501027ab7"}, 
{"path": "lhdz/res/game/longhudazhan/sound/", "name": "sound-7.mp3", "md5": "f700e7fc437208695c5be2f0f1e2cb2d"}, 
{"path": "lhdz/res/game/longhudazhan/sound/", "name": "sound-8.mp3", "md5": "cd7e85727e35142b07933111120fbc10"}, 
{"path": "lhdz/res/game/longhudazhan/sound/", "name": "sound-9.mp3", "md5": "8b27f6397d1894bb41fbbb1f826495fb"}, 
{"path": "lhdz/res/game/longhudazhan/sound/", "name": "sound-banker.mp3", "md5": "71728cae6cf268dbe759e540abe47a9d"}, 
{"path": "lhdz/res/game/longhudazhan/sound/", "name": "sound-battle.mp3", "md5": "a9570a60d1165fcd890227f47ecc3249"}, 
{"path": "lhdz/res/game/longhudazhan/sound/", "name": "sound-bet.mp3", "md5": "523cc4e038cd79a7cabc25819c859b37"}, 
{"path": "lhdz/res/game/longhudazhan/sound/", "name": "sound-bethigh.mp3", "md5": "dc79ca3dfb11e077349bc76954873ed0"}, 
{"path": "lhdz/res/game/longhudazhan/sound/", "name": "sound-bg.mp3", "md5": "f226a35a860a404ae5e6663f20ac4c8d"}, 
{"path": "lhdz/res/game/longhudazhan/sound/", "name": "sound-button.mp3", "md5": "14f8a8de9748533b91332c44f26767b8"}, 
{"path": "lhdz/res/game/longhudazhan/sound/", "name": "sound-clock-ring.mp3", "md5": "c1ea2dd2e63948b19448deef52a646c8"}, 
{"path": "lhdz/res/game/longhudazhan/sound/", "name": "sound-close.mp3", "md5": "5b93569da811666c20d0e6ba5f7cf0c3"}, 
{"path": "lhdz/res/game/longhudazhan/sound/", "name": "sound-dragon.mp3", "md5": "4d474d1680f8493dbd278e684eeff341"}, 
{"path": "lhdz/res/game/longhudazhan/sound/", "name": "sound-draw.mp3", "md5": "3e484514d4edd60458eec3e1c6c67b16"}, 
{"path": "lhdz/res/game/longhudazhan/sound/", "name": "sound-end-wager.mp3", "md5": "4f40e27be66d86e30071a95739760544"}, 
{"path": "lhdz/res/game/longhudazhan/sound/", "name": "sound-fanpai.mp3", "md5": "a027b446efbb75c3345861715aa37fa1"}, 
{"path": "lhdz/res/game/longhudazhan/sound/", "name": "sound-fapai.mp3", "md5": "d6d55fcf560127be09f4c409f69a3416"}, 
{"path": "lhdz/res/game/longhudazhan/sound/", "name": "sound-gold.mp3", "md5": "347168099a9ab91701e707e3fca90d22"}, 
{"path": "lhdz/res/game/longhudazhan/sound/", "name": "sound-jetton.mp3", "md5": "d1f121b6e2d7e27675bd8f017a6a0063"}, 
{"path": "lhdz/res/game/longhudazhan/sound/", "name": "sound-popscore.mp3", "md5": "fedb6ca9ee6fa25ea64d94498eb04690"}, 
{"path": "lhdz/res/game/longhudazhan/sound/", "name": "sound-result-jetton.mp3", "md5": "5a9b95be0ff745a59e76cb08b625f574"}, 
{"path": "lhdz/res/game/longhudazhan/sound/", "name": "sound-star.mp3", "md5": "0a72eef2a1bdcd9d391aa26f248e2b8d"}, 
{"path": "lhdz/res/game/longhudazhan/sound/", "name": "sound-start-wager.mp3", "md5": "dab03a017d376473f665737fcb9f507e"}, 
{"path": "lhdz/res/game/longhudazhan/sound/", "name": "sound-tiger.mp3", "md5": "ed50ee168b34f181654221234046fa63"}, 
{"path": "lhdz/res/game/longhudazhan/sound/", "name": "sound-window.mp3", "md5": "f1e40883215f6bea4865bc5d39a6b022"}, 
{"path": "lhdz/res/gui/", "name": "rule.png", "md5": "74b5f1b612e300a968e84e4616b981e5"}, 
{"path": "lhdz/res/gui/", "name": "title.png", "md5": "f55c5a59004bbb300e798f710ddc6d9b"}, 
{"path": "lhdz/src/game/longhudazhan/bean/", "name": "ChipFlyManager.luac", "md5": "86d6a4ffd9ac3552479933e9cd130821"}, 
{"path": "lhdz/src/game/longhudazhan/bean/", "name": "ParticalPool.luac", "md5": "2ca56f7c33e290107e2d0ecacc655ff8"}, 
{"path": "lhdz/src/game/longhudazhan/layer/", "name": "DragonRoundResultView.luac", "md5": "189fb8730369db2ee14c883592b48f81"}, 
{"path": "lhdz/src/game/longhudazhan/layer/", "name": "LhdzMessageBox.luac", "md5": "65ba5e0787b77ed6fe23142616bfedca"}, 
{"path": "lhdz/src/game/longhudazhan/layer/", "name": "LhdzOtherInfoLayer.luac", "md5": "34f7328e1d4140f4dac940627011027f"}, 
{"path": "lhdz/src/game/longhudazhan/layer/", "name": "LhdzRankLayer.luac", "md5": "cbad7c4c77569d8e3652e605980b2af4"}, 
{"path": "lhdz/src/game/longhudazhan/layer/", "name": "LhdzRuleLayer.luac", "md5": "25f435fbf739651e4b4aee39fe690a13"}, 
{"path": "lhdz/src/game/longhudazhan/layer/", "name": "LhdzTrendLayer.luac", "md5": "3dc120b8b311ef9a5a045c625b55874d"}, 
{"path": "lhdz/src/game/longhudazhan/layer/", "name": "LhdzUserInfoLayer.luac", "md5": "5d70373deefa5c0983bc0f22c5e54901"}, 
{"path": "lhdz/src/game/longhudazhan/manager/", "name": "LhdzDataMgr.luac", "md5": "cf3aa064eeb03fe92483492ef836ec6a"}, 
{"path": "lhdz/src/game/longhudazhan/manager/", "name": "Lhdz_Events.luac", "md5": "2e258e362f3040b927bf8695b8298901"}, 
{"path": "lhdz/src/game/longhudazhan/proxy/", "name": "LhdzCMD.luac", "md5": "127d8385d2f13b9ae0c869cdda183413"}, 
{"path": "lhdz/src/game/longhudazhan/scene/", "name": "Lhdz_Const.luac", "md5": "d521458f475fd11a1ae78351e0f80dc7"}, 
{"path": "lhdz/src/game/longhudazhan/scene/", "name": "Lhdz_Res.luac", "md5": "75a948fa8f30b3f43c1a78c35ca49fc8"}, 
{"path": "lhdz/src/game/longhudazhan/trend/", "name": "TrendDefine.luac", "md5": "6888ad8bac4223c1455e2bb52ae5cc80"}, 
{"path": "lhdz/src/game/longhudazhan/trend/", "name": "TrendHelper.luac", "md5": "87e2cf37b1c6a2784b689fdd5ce3ac8d"}, 
{"path": "lhdz/src/game/longhudazhan/trend/", "name": "TrendView.luac", "md5": "8a4501a70fae9d8943d0860fb9f6de59"}, 
{"path": "lhdz/src/models/", "name": "CBetManager.luac", "md5": "1d27cac36f43a26800411ecb29a0c60e"}, 
{"path": "lhdz/src/models/", "name": "CMD_Game.luac", "md5": "b79cad95b97404bf9d0cdc295d60f5ab"}, 
{"path": "lhdz/src/models/", "name": "Define.luac", "md5": "d45249e386ee3e9f6f2c3351c38d4901"}, 
{"path": "lhdz/src/models/", "name": "Effect.luac", "md5": "5cf85cada92f99cf5eba56a154be2429"}, 
{"path": "lhdz/src/models/", "name": "gameConstants.luac", "md5": "ab3c3b7f027c2342a1ace35a3726aac3"}, 
{"path": "lhdz/src/models/", "name": "GameLogic.luac", "md5": "d7ccf38cc5005353c9f011042a1bd43d"}, 
{"path": "lhdz/src/models/", "name": "helper.luac", "md5": "08fa4998ab68150c7eeefe04294b81fa"}, 
{"path": "lhdz/src/models/", "name": "MsgBoxPreBiz.luac", "md5": "2646499d79ee0d2b1bf9d09e1a9ac1b8"}, 
{"path": "lhdz/src/models/", "name": "playerModel.luac", "md5": "8d65567bdc732f405a3bdef8c8b68d07"}, 
{"path": "lhdz/src/models/", "name": "scheduler.luac", "md5": "18f2dd2a362cbad2dba2d6b5eb70aa7f"}, 
{"path": "lhdz/src/views/", "name": "GameLayer.luac", "md5": "8ac39307adb9898c1e7da9d04b612bf9"}, 
{"path": "lhdz/src/views/", "name": "GameRoomLayer.luac", "md5": "d0d37d7775681c190ba68d43d4d39446"}, 
{"path": "lhdz/src/views/layer/", "name": "GameViewLayer.luac", "md5": "922f0aecbe25493189a8cf57adf0c731"}, 
{"allcount": 333}]}