{"skeleton":{"hash":"MkL7jxYdjMC2o9PcMccO4Zy74lY","spine":"3.6.53","width":519,"height":66,"images":"./images/"},"bones":[{"name":"root"},{"name":"dai","parent":"root","length":46.05,"rotation":89.37,"x":-96.01,"y":-22.07},{"name":"deng","parent":"root","length":46.05,"rotation":89.37,"x":-145.62,"y":-21.53},{"name":"di","parent":"root"},{"name":"dian1","parent":"root","x":126.04,"y":-14.73},{"name":"dian2","parent":"root","x":141.03,"y":-14.73},{"name":"dian3","parent":"root","x":156.38,"y":-14.73},{"name":"ju","parent":"root","length":45.04,"rotation":89.36,"x":0.1,"y":-22.07},{"name":"kai","parent":"root","length":46.05,"rotation":89.37,"x":45.72,"y":-23.63},{"name":"shi","parent":"root","length":46.05,"rotation":89.37,"x":92.31,"y":-24.14},{"name":"xia","parent":"root","length":46.05,"rotation":89.37,"x":-49.94,"y":-22.58}],"slots":[{"name":"longhudou4_di","bone":"di","attachment":"longhudou4_di"},{"name":"longhudou4_deng","bone":"deng","attachment":"longhudou4_deng"},{"name":"longhudou4_dai","bone":"dai","attachment":"longhudou4_dai"},{"name":"longhudou4_xia","bone":"xia","attachment":"longhudou4_xia"},{"name":"longhudou4_ju","bone":"ju","attachment":"longhudou4_ju"},{"name":"longhudou4_kai","bone":"kai","attachment":"longhudou4_kai"},{"name":"longhudou4_shi","bone":"shi","attachment":"longhudou4_shi"},{"name":"longhudou4_dian","bone":"dian1","attachment":"longhudou4_dian"},{"name":"longhudou4_dian2","bone":"dian2","attachment":"longhudou4_dian"},{"name":"longhudou4_dian3","bone":"dian3","attachment":"longhudou4_dian"}],"skins":{"default":{"longhudou4_dai":{"longhudou4_dai":{"x":22.09,"y":-1.3,"rotation":-89.37,"width":46,"height":51}},"longhudou4_deng":{"longhudou4_deng":{"x":21.53,"y":-0.42,"rotation":-89.37,"width":46,"height":51}},"longhudou4_di":{"longhudou4_di":{"width":519,"height":66}},"longhudou4_dian":{"longhudou4_dian":{"x":-0.04,"y":-2.27,"width":13,"height":17}},"longhudou4_dian2":{"longhudou4_dian":{"x":-0.04,"y":-2.27,"width":13,"height":17}},"longhudou4_dian3":{"longhudou4_dian":{"x":-0.04,"y":-2.27,"width":13,"height":17}},"longhudou4_ju":{"longhudou4_ju":{"x":22.07,"y":0.35,"rotation":-89.36,"width":45,"height":50}},"longhudou4_kai":{"longhudou4_kai":{"x":23.63,"y":-0.02,"rotation":-89.37,"width":45,"height":48}},"longhudou4_shi":{"longhudou4_shi":{"x":24.16,"y":-1.43,"rotation":-89.37,"width":46,"height":51}},"longhudou4_xia":{"longhudou4_xia":{"x":22.59,"y":-1.22,"rotation":-89.37,"width":43,"height":48}}}},"animations":{"animation":{"bones":{"deng":{"translate":[{"time":0,"x":0,"y":0},{"time":0.1667,"x":0.07,"y":6},{"time":0.3333,"x":0,"y":0}],"scale":[{"time":0,"x":0.96,"y":1.04},{"time":0.1667,"x":1.1,"y":0.98},{"time":0.3333,"x":1,"y":1}]},"dai":{"translate":[{"time":0.3333,"x":0,"y":0},{"time":0.5,"x":0.07,"y":6},{"time":0.6667,"x":0,"y":0}],"scale":[{"time":0,"x":1,"y":1,"curve":"stepped"},{"time":0.1667,"x":1,"y":1},{"time":0.3333,"x":0.96,"y":1.04},{"time":0.5,"x":1.08,"y":0.98},{"time":0.6667,"x":1,"y":1}]},"xia":{"translate":[{"time":0.6667,"x":0,"y":0},{"time":0.8333,"x":0.07,"y":6},{"time":1,"x":0,"y":0}],"scale":[{"time":0,"x":1,"y":1,"curve":"stepped"},{"time":0.5,"x":1,"y":1},{"time":0.6667,"x":0.96,"y":1.04},{"time":0.8333,"x":1.08,"y":0.98},{"time":1,"x":1,"y":1}]},"ju":{"translate":[{"time":1,"x":0,"y":0},{"time":1.1667,"x":0.07,"y":6},{"time":1.3333,"x":0,"y":0}],"scale":[{"time":0,"x":1,"y":1,"curve":"stepped"},{"time":0.8333,"x":1,"y":1},{"time":1,"x":0.96,"y":1.04},{"time":1.1667,"x":1.08,"y":0.98},{"time":1.3333,"x":1,"y":1}]},"kai":{"translate":[{"time":1.3333,"x":0,"y":0},{"time":1.5,"x":0.07,"y":6},{"time":1.6667,"x":0,"y":0}],"scale":[{"time":0,"x":1,"y":1,"curve":"stepped"},{"time":1.1667,"x":1,"y":1},{"time":1.3333,"x":0.96,"y":1.04},{"time":1.5,"x":1.08,"y":0.98},{"time":1.6667,"x":1,"y":1}]},"shi":{"translate":[{"time":1.6667,"x":0,"y":0},{"time":1.8333,"x":0.07,"y":5.99},{"time":2,"x":0,"y":0}],"scale":[{"time":0,"x":1,"y":1,"curve":"stepped"},{"time":1.5,"x":1,"y":1},{"time":1.6667,"x":0.96,"y":1.04},{"time":1.8333,"x":1.08,"y":1},{"time":2,"x":1,"y":1}]},"dian1":{"translate":[{"time":2,"x":0,"y":0},{"time":2.1667,"x":-0.04,"y":4},{"time":2.3333,"x":0,"y":0}],"scale":[{"time":0,"x":1,"y":1,"curve":"stepped"},{"time":1.8333,"x":1,"y":1},{"time":2,"x":0.96,"y":1.04},{"time":2.1667,"x":1.08,"y":0.98},{"time":2.3333,"x":1,"y":1}]},"dian2":{"translate":[{"time":2.3333,"x":0,"y":0},{"time":2.5,"x":0,"y":4},{"time":2.6667,"x":0,"y":0}],"scale":[{"time":0,"x":1,"y":1,"curve":"stepped"},{"time":2.1667,"x":1,"y":1},{"time":2.3333,"x":0.96,"y":1.04},{"time":2.5,"x":1.08,"y":0.98},{"time":2.6667,"x":1,"y":1}]},"dian3":{"translate":[{"time":2.6667,"x":0,"y":0},{"time":2.8333,"x":0,"y":4},{"time":3,"x":0,"y":0}],"scale":[{"time":0,"x":1,"y":1,"curve":"stepped"},{"time":2.5,"x":1,"y":1},{"time":2.6667,"x":0.96,"y":1.04},{"time":2.8333,"x":1.08,"y":0.98},{"time":3,"x":1,"y":1}]}}}}}